?yo,225
you,166
ou!,155
?i!,1
?th,562
the,676
he!,190
?to,659
to!,398
?a!,1
?it,69
it!,290
?an,636
and,1103
nd!,465
tha,249
hat,205
at!,306
?of,119
of!,38
?is,142
is!,529
?in,1295
in!,1112
?wh,366
wha,86
?we,342
we!,34
?me,795
me!,277
thi,279
his,152
?he,707
?fo,524
for,533
or!,522
?my,77
my!,108
?on,81
on!,2497
?ha,1120
hav,85
ave,342
ve!,484
our,407
ur!,216
?do,645
do!,235
?wa,592
was,92
as!,474
?no,457
no!,329
not,129
ot!,225
?be,952
be!,114
?ar,525
are,378
re!,711
don,229
?kn,123
kno,78
now,93
ow!,183
?ca,1388
can,312
an!,1822
?wi,472
wit,134
ith,190
th!,373
?bu,647
but,121
ut!,176
?al,530
all,1031
ll!,540
?so,569
so!,77
?ju,254
jus,77
ust,376
st!,842
her,797
ere,645
hey,35
ey!,692
?li,608
lik,68
ike,124
ke!,279
?ge,368
get,110
et!,428
?sh,1133
she,462
?go,467
go!,158
?if,20
if!,33
?ri,414
rig,220
igh,462
ght,451
ht!,170
?ou,180
out,387
?ab,271
abo,146
bou,157
?up,101
up!,79
?at,187
?hi,375
him,120
im!,119
?oh,29
oh!,30
one,580
ne!,993
?co,2291
com,548
ome,338
wel,170
ell,946
er!,3517
?ho,748
how,88
?ye,119
yea,27
eah,13
ah!,206
wil,142
ill,781
got,73
wan,128
ant,952
nt!,967
hin,562
ink,247
nk!,136
?as,362
?se,809
see,92
ee!,258
?di,1085
did,42
id!,221
goo,91
ood,310
od!,202
who,65
ho!,81
why,7
hy!,167
?fr,505
fro,111
rom,217
om!,178
?le,577
let,281
yes,31
es!,3734
whe,95
hen,219
en!,1020
goi,21
oin,159
ing,5129
ng!,4697
?ti,378
tim,212
ime,243
?ok,54
oka,77
kay,36
ay!,326
?ba,1204
bac,198
ack,554
ck!,524
?lo,561
loo,182
ook,240
ok!,129
?us,60
us!,856
?wo,347
wou,26
oul,120
uld,55
ld!,262
hem,126
em!,114
wer,174
?ta,761
tak,146
ake,365
had,94
ad!,284
?or,225
bee,78
een,238
gon,130
onn,157
nna,185
na!,735
?te,586
tel,250
?re,1888
rea,595
eal,193
lly,464
ly!,1466
?ma,2000
man,1159
som,119
?sa,1036
say,41
cou,261
idn,21
dn!,14
?by,43
by!,167
?ne,471
nee,116
eed,189
ed!,4774
met,222
eth,199
has,126
too,103
oo!,119
?mo,986
mor,347
ore,466
way,170
dow,139
own,218
wn!,121
mak,107
?ve,348
ver,976
ery,182
ry!,697
nev,40
eve,352
onl,30
nly,37
?pe,819
peo,18
eop,44
opl,38
ple,264
le!,1503
?ov,243
ove,527
bec,64
eca,99
cau,49
aus,133
use,323
se!,686
lit,434
itt,299
ttl,122
tle,314
?pl,311
lea,262
eas,261
ase,223
lov,96
sho,323
hou,222
mea,102
ean,199
sai,86
aid,91
sor,164
orr,187
rry,91
?gi,296
giv,30
ive,643
off,179
ff!,159
?am,301
am!,367
han,650
ank,259
any,74
ny!,205
?tw,115
two,35
wo!,6
?ev,153
ven,342
?mu,451
muc,28
uch,167
ch!,432
doi,20
?su,897
sur,238
ure,396
hes,321
ese,214
hel,231
elp,32
lp!,16
?fi,495
fir,129
irs,70
rst,146
int,636
nto,220
nyt,8
yth,49
?st,1287
sti,721
til,189
fin,226
ind,457
lif,134
ife,88
fe!,69
oth,236
?si,554
sir,41
ir!,162
?da,599
day,77
god,63
wor,275
ork,169
rk!,143
hei,117
eir,54
?uh,17
uh!,25
?ag,145
aga,166
gai,53
ain,507
may,68
ayb,24
ybe,26
mus,130
bef,17
efo,43
?ot,53
wai,66
ait,98
sto,508
top,110
op!,123
cal,573
?af,123
aft,96
fte,80
ter,1853
won,34
tal,404
alk,97
lk!,52
?aw,57
awa,215
tho,228
oug,152
ugh,206
hom,114
?ni,359
nig,107
?pu,359
put,81
?gr,712
gre,250
eat,352
hos,110
ose,284
?la,782
las,263
ast,575
bet,110
ett,462
tte,585
ryt,17
tol,108
old,216
new,97
ew!,91
ngs,334
gs!,410
alw,19
lwa,28
ays,122
ys!,203
?ke,295
kee,93
eep,166
ep!,68
lon,249
ong,334
ear,434
ars,250
rs!,1801
eav,72
doe,21
oes,52
mon,466
ney,161
aro,187
rou,302
oun,397
und,542
esn,17
sn!,9
?na,569
nam,108
ame,310
pla,337
lac,234
ace,296
ce!,605
?fe,355
fee,47
eel,127
el!,463
?gu,361
guy,10
uys,4
?fa,598
fat,79
ath,419
uy!,11
mad,116
ade,351
de!,420
?ol,85
isn,14
whi,169
hic,129
ich,291
?bi,424
big,35
ig!,63
lot,130
llo,290
lo!,181
nic,349
ice,232
bel,268
eli,457
lie,286
iev,82
gir,61
irl,71
rl!,40
meo,24
eon,135
ine,969
nks,75
ks!,396
nte,721
ted,1076
?ki,414
kin,610
omi,235
min,718
ous,663
thr,163
hro,139
gh!,123
bei,43
ein,189
urs,165
rse,214
sta,817
tay,29
lef,38
eft,25
ft!,89
dad,38
?en,452
eno,140
nou,107
hap,92
app,354
ppe,306
pen,302
ene,411
ned,378
cam,125
mot,185
?wr,107
wro,17
ron,441
orl,61
rld,24
bad,64
?mi,961
mig,59
hre,70
ree,372
tod,31
oda,62
lis,461
ist,1008
ste,969
ten,500
ano,261
?un,931
nde,774
der,908
ers,1778
tan,483
hea,400
ar!,515
rem,224
eme,308
mem,66
emb,146
mbe,166
ber,592
ask,75
sk!,43
?ow,25
sam,96
?el,294
els,171
lse,39
kil,82
lki,40
fou,58
nex,31
ext,112
xt!,11
tti,240
tin,1330
car,536
oki,92
son,510
?tr,831
try,79
wom,45
oma,261
wen,56
ent,1566
hi!,300
?de,1347
dea,127
ead,371
asn,9
fri,140
rie,484
ien,235
end,544
bes,89
est,940
mom,33
orn,236
rni,143
nin,464
ryi,22
yin,183
?bo,809
boy,74
oy!,121
tog,46
oge,84
sel,228
elf,55
lf!,49
?jo,296
job,23
ob!,55
saw,43
aw!,77
fam,35
ami,322
mil,248
ily,85
al!,1070
bab,85
aby,38
?ro,691
roo,229
oom,143
ldn,12
alr,22
lre,4
ady,58
dy!,211
mov,35
mos,113
ost,276
liv,99
mis,349
iss,286
ss!,726
?ac,279
act,307
ctu,94
tua,92
ual,156
?hu,327
huh,5
shi,782
hit,197
bot,89
ard,720
rd!,468
onc,146
nce,634
lle,693
led,480
sed,351
?id,81
ide,504
ea!,89
kne,45
hol,268
ppy,48
py!,109
doo,89
oor,97
suc,60
?fu,283
fuc,35
uck,241
?br,806
bro,241
rot,196
als,232
lso,44
?pr,1084
pre,533
ret,353
tty,70
ty!,666
bit,146
yet,17
men,793
ole,276
tar,397
art,595
rt!,283
hil,240
ile,293
sin,463
inc,335
wif,20
gue,126
ues,129
ess,1048
tom,186
omo,114
rro,172
row,216
mat,463
att,389
mee,53
eet,166
bri,278
rin,966
ton,623
oni,469
ryo,47
yon,66
?ru,288
run,142
un!,121
ann,448
har,622
?ah,38
alo,164
mys,21
yse,25
?sc,638
sch,284
cho,311
hoo,216
ool,143
ol!,135
?um,29
um!,287
ayi,40
?ph,223
pho,167
hon,210
lay,168
oks,46
cki,177
pro,613
rob,132
obl,60
ble,818
lem,157
few,7
nds,214
ds!,568
ott,230
tta,165
ta!,505
ago,133
?op,109
ope,216
nyo,12
hop,95
pe!,151
fac,116
unt,299
nti,564
il!,215
los,132
?po,703
pol,221
oli,345
lic,313
?ex,466
exc,95
xcu,10
cus,122
?tu,291
tur,391
urn,185
rn!,197
bus,123
usi,129
nes,642
cas,224
nts,346
ts!,1400
tru,218
rue,38
ue!,192
die,187
ie!,726
soo,36
oon,191
?ea,142
eac,119
ach,397
lat,522
ate,1532
wat,159
atc,152
tch,371
sic,95
ic!,656
avi,221
vin,257
oba,68
abl,525
bly,97
bea,184
eau,85
aut,137
uti,200
tif,133
ifu,22
ful,241
ul!,203
doc,72
oct,46
cto,158
tor,753
sit,196
nki,100
ung,180
sec,127
eco,201
con,965
ond,269
rki,67
per,916
rso,115
?pa,1111
par,460
kid,40
ids,76
te!,1109
stu,166
tuf,17
uff,198
exa,60
xac,12
ctl,12
tly,158
inu,71
nut,72
ute,189
pay,51
?cr,643
cra,274
raz,67
azy,8
zy!,55
org,167
rge,211
ryb,11
ybo,30
bod,68
ody,53
?ch,1171
cha,708
ang,599
nge,419
ge!,414
?ga,586
gav,20
dam,100
amn,22
mn!,10
fiv,4
?dr,352
dri,166
far,135
ows,106
ws!,118
its,159
tev,24
?ey,37
eye,76
shu,124
hut,56
ren,438
aki,215
asy,23
sy!,132
mes,184
che,846
hec,60
eck,191
tes,540
dif,46
iff,135
ffe,204
fer,304
ans,543
ns!,1365
poi,77
ins,501
nsi,226
sid,191
kes,145
ske,89
ked,244
meb,13
ebo,82
afr,18
fra,195
rai,295
?sl,316
sle,130
lee,146
anc,483
?qu,323
qui,333
uit,148
ite,395
nyw,7
ywa,22
?cl,502
clo,145
?ai,148
rty,58
fun,78
nst,245
ord,334
?im,332
imp,298
mpo,110
por,253
ort,532
rta,139
set,112
sha,535
hal,284
ory,134
?nu,171
num,61
umb,186
dau,26
aug,97
hte,106
iti,491
hur,112
urt,118
wis,65
ish,574
sh!,410
fig,71
wee,122
eek,65
ek!,134
hus,64
usb,8
sba,19
ban,254
rls,22
ls!,587
res,995
mar,710
arr,380
rri,298
ied,192
ire,327
gam,94
nob,70
obo,61
?mr,10
mr!,5
chi,724
ild,137
ldr,28
dre,170
?cu,318
cut,98
rte,257
sis,160
sup,163
upp,93
ppo,88
pos,258
etw,15
twe,64
goe,19
?sp,628
spe,306
pea,126
eak,153
ak!,145
beh,42
ehi,20
alm,92
lmo,43
rut,69
uth,156
?bl,509
blo,168
lad,122
nym,23
ymo,27
ets,205
hot,127
aso,65
tro,439
oub,44
ubl,71
bre,230
war,272
?ci,184
cit,121
ity,379
wal,162
tow,100
rus,213
ffi,131
fic,160
que,306
tio,1546
ion,2001
elc,21
lco,42
hig,66
wow,10
oup,48
upl,37
alf,50
coo,114
fre,202
?ei,53
eit,57
eem,66
ems,37
ms!,269
pow,46
owe,224
hoa,32
oa!,37
bye,8
ye!,51
buy,11
lli,588
lin,1194
tri,568
ont,385
tea,133
eam,128
nsw,18
swe,104
gun,74
oys,35
sen,332
ews,66
tup,30
upi,45
pid,47
bed,121
urr,132
ull,270
nth,123
ths,68
hs!,116
sav,64
eti,257
foo,82
uts,106
tsi,28
lig,199
?l!,1
eds,60
dog,57
og!,65
ntr,245
cle,232
rde,184
?em,251
ct!,140
lor,235
cap,170
apt,75
pta,21
tai,229
six,14
ix!,65
unn,116
nny,82
bla,219
ali,747
?pi,476
pic,137
ick,540
ivi,162
ahe,30
lan,676
din,534
inn,179
nne,335
ner,493
sig,129
ghs,21
nni,245
bos,59
oss,199
lri,18
ise,443
ken,197
saf,37
afe,57
ma!,376
boo,189
nyb,5
?sm,172
sma,152
mal,272
erf,126
rfe,45
fec,77
ect,509
ves,258
pec,169
eci,132
cia,202
ial,302
?s!,1
joh,30
ohn,27
hn!,27
ims,42
mse,14
erh,69
rha,46
aps,84
ps!,305
sou,110
ser,372
eri,756
rio,199
iou,182
omp,287
mpa,151
pan,228
ha!,240
sca,241
red,696
unc,277
ncl,54
poo,106
pas,149
rth,256
ssi,465
sib,68
ibl,124
oot,213
tou,112
ouc,70
ass,541
lau,142
nno,108
ski,181
win,316
?gl,215
gla,98
rol,193
?hm,12
hmm,8
mm!,31
hum,150
uma,128
riv,129
hai,130
air,260
?ja,418
jac,100
itc,120
?lu,303
luc,96
mur,128
urd,69
ens,443
add,150
ddy,41
ina,635
nal,361
chu,170
huc,25
ckl,151
kle,170
les,827
fas,45
col,287
ghi,24
rds,146
osp,52
spi,214
pit,143
ita,449
str,701
tre,339
dan,229
cat,444
fol,68
oll,353
low,240
nse,211
sex,46
ex!,57
eni,278
mas,283
wri,72
rit,380
lio,118
?vo,180
voi,38
oic,35
?sw,247
?ra,813
rat,799
fel,80
elt,84
lt!,92
ign,194
gn!,25
cky,61
ky!,216
mew,19
ewh,13
?o!,1
?je,246
jes,34
esu,55
sus,89
ger,497
rke,123
uie,25
iet,94
oke,185
pul,105
ref,162
efu,82
cof,20
etu,37
ecr,84
cre,283
eks,26
dat,105
eei,18
fal,90
?oo,53
ooh,20
fau,36
aul,109
ult,162
tra,831
aig,48
fut,18
utu,31
gen,336
ntl,125
ved,124
ged,190
roa,126
oad,110
lm!,35
rfu,37
rne,231
dro,142
rop,227
adi,266
ies,803
arn,205
tep,74
abs,73
bso,29
sol,165
olu,70
lut,110
ely,217
arl,222
rly,77
exp,160
xpl,43
lai,159
pie,130
iec,32
ece,123
erd,107
rda,78
ict,166
ons,989
dar,189
rli,105
?du,352
dud,11
ude,138
esi,192
den,405
uic,45
ovi,117
igu,57
gur,79
tat,384
non,124
ama,412
maz,42
azi,78
zin,144
rks,77
ede,197
ded,298
wei,73
ird,80
law,66
rep,241
epo,77
odb,12
dby,3
hoi,20
hie,132
ief,41
ef!,47
wed,93
edd,68
ddi,101
ran,869
era,537
ral,246
pai,81
idd,99
dec,173
cid,73
?ya,227
ya!,246
tir,52
cla,239
cer,194
kep,10
ept,114
pt!,54
wak,44
ors,402
usy,10
?eh,12
eh!,34
kis,63
bui,25
uil,90
ldi,73
ini,394
nis,365
dur,66
uri,293
age,405
hip,181
ip!,131
ark,273
?sy,148
sys,10
yst,82
tem,117
evi,194
vid,74
enc,417
vie,105
rid,200
?t!,1
mpl,186
ete,288
mou,155
tot,45
ota,128
bir,104
irt,81
thd,11
hda,10
?tv,3
tv!,7
rgi,109
bor,216
ima,263
mag,166
agi,147
gin,355
inf,173
nfo,86
orm,243
rma,290
ati,1631
def,138
efi,106
nit,234
ecu,90
cur,171
?ce,252
ert,454
inl,29
fil,122
ilm,43
?ly,84
lyi,20
unl,43
nle,46
sev,46
wea,102
mic,199
hae,40
ael,50
ote,194
chr,111
hri,116
ris,511
stm,29
tma,62
tac,140
xpe,54
err,323
rib,131
geo,80
eor,52
bag,79
ag!,79
blu,81
lue,59
nea,87
rok,62
usl,89
sly,124
rev,175
dav,36
xce,31
cep,84
ssa,191
sag,58
joe,7
oe!,65
tab,207
lke,42
acr,56
cro,267
ros,372
roc,191
ock,405
vel,240
ndl,105
dle,239
mid,94
ddl,104
bud,34
udd,69
tec,82
?fl,450
flo,142
itu,129
uat,96
ywh,7
ero,274
bil,197
yor,36
arm,240
rmy,9
hed,285
fai,73
sun,123
clu,82
lub,39
ub!,40
sim,123
spa,187
pac,128
box,46
ox!,65
gro,182
ngl,208
gle,223
ria,419
iag,38
joi,26
fea,45
?d!,1
rgo,53
orc,112
rce,131
hor,330
nor,224
enj,24
njo,27
joy,29
mik,59
cri,217
rim,176
mer,455
ric,464
ica,672
arg,185
ono,186
lun,95
nch,312
rad,259
dio,85
io!,224
idi,126
iot,54
bal,280
urp,52
rpr,36
pri,301
pap,65
ape,156
key,95
boa,124
oat,111
kly,18
gol,80
bar,365
fis,98
ari,707
cry,44
acc,167
cci,57
gov,30
ern,309
rnm,11
nme,42
eig,116
cov,62
dee,95
sea,139
agr,66
det,111
cti,491
tiv,334
iso,137
maj,31
ajo,33
jor,52
tic,643
icu,71
cul,204
ona,436
rec,388
cor,370
opp,144
ped,253
hid,66
het,116
rip,134
rel,290
ela,251
lax,33
ax!,59
ca!,167
pub,34
bli,179
rno,57
noo,61
bra,324
fix,24
bas,150
oud,51
ud!,68
erv,191
rvi,101
vic,143
scr,231
orw,25
rwa,46
ngr,78
gry,7
hti,34
pet,175
pau,37
ary,229
sse,452
sce,103
cen,220
ndi,372
?mm,17
esp,139
ler,496
?ic,51
urc,50
rch,216
sad,74
cel,156
dru,69
unk,122
ra!,587
fly,33
ben,175
rlf,2
lfr,20
sme,68
mel,182
mum,27
oft,59
rti,334
lls,159
?y!,1
hir,200
eng,183
gli,111
?vi,457
vis,176
isi,218
mam,63
jud,46
udg,64
dge,212
ndo,225
hun,128
nsh,82
rov,145
iva,161
vat,131
osi,180
ieu,22
eut,49
ena,271
nan,231
liz,202
ize,370
ze!,200
?lt,8
?es,160
mac,199
asu,82
leg,151
ege,97
inv,106
nvo,24
vol,113
olv,58
lve,119
?ob,149
obv,3
bvi,3
vio,66
nei,35
cce,61
oyf,4
yfr,4
des,382
uee,23
cop,100
ops,90
sak,82
?ap,230
apa,75
rtm,23
tme,57
ups,42
pse,38
la!,481
vil,172
rof,89
ofe,40
fes,69
sso,141
nta,395
jok,14
hug,37
uge,48
oly,63
jai,29
ail,262
awy,5
wye,8
yer,90
dou,96
ubt,29
bt!,7
nue,35
ppr,77
iat,216
gra,558
atu,124
tul,45
ula,320
lla,414
lag,93
fie,239
iel,187
eld,189
jam,57
cis,104
sio,287
epi,87
pin,415
slo,83
isl,62
sla,166
beg,38
egi,95
ash,387
?dy,38
dyi,11
ndr,179
ane,304
pus,46
ush,175
mmm,16
ngi,113
mrs,2
ada,172
gif,8
ift,88
ruc,113
utt,199
oar,99
rab,177
ab!,66
eer,159
tuc,27
gic,70
rul,28
ule,108
gru,57
rtn,19
tne,62
olo,336
nel,159
max,42
imm,138
mme,221
med,259
edi,276
dia,208
usa,80
san,306
hee,162
upo,14
pon,151
mpu,51
net,192
enr,48
nry,13
dir,62
arc,262
ams,93
rre,264
sud,29
dde,95
enl,37
usu,29
sua,36
ots,114
hoe,46
?er,141
jum,26
ump,151
mp!,84
yo!,56
noc,56
?au,196
aun,86
pat,268
tie,321
kit,66
?aa,65
aah,30
?m!,1
sum,117
umm,105
bob,31
esc,146
ryw,6
moo,95
rms,42
rns,62
?ad,308
ddr,7
gas,87
asp,80
sps,8
yep,2
shh,11
hh!,59
rvo,20
vou,49
oos,98
elv,45
adn,15
lam,202
rap,256
ap!,83
rug,50
ugs,24
?ty,70
typ,38
ype,45
cke,429
rac,415
isk,46
fur,66
erw,76
rwi,25
fit,77
smo,82
mok,34
fav,31
avo,97
vor,71
aye,104
yed,59
oti,188
awe,26
wes,81
eso,83
smi,85
gua,92
uar,115
spo,188
pot,110
oce,53
nar,255
rra,189
ato,383
nem,62
emy,13
bat,181
ale,393
lex,63
dol,86
lar,328
gay,20
dep,109
epa,101
gui,114
ilt,74
lty,24
ier,337
dut,12
uty,10
?ji,136
jim,36
sui,53
egs,11
ro!,336
roy,58
tag,132
bun,86
cco,87
rdi,184
igg,128
gge,160
lpi,15
adm,64
dmi,54
mit,266
itn,13
pst,35
rm!,78
mmy,40
kic,41
twi,83
wic,65
erg,219
gea,33
rgy,21
gy!,147
reg,177
egn,7
gna,78
lpe,18
ori,488
ony,74
tas,134
loc,192
ces,291
rts,97
sil,134
eg!,34
bov,9
akf,4
kfa,7
deo,42
eo!,61
ppl,82
wev,2
ssu,62
esh,154
eap,50
apo,107
?sk,195
sky,94
tud,53
udy,10
bur,299
owd,35
wd!,10
pir,106
iri,138
cos,100
emp,149
mpt,74
pty,6
lev,91
emo,206
tse,23
nos,120
owi,78
ray,137
sar,171
ara,559
rah,60
oan,46
ppa,46
xci,13
ani,530
nim,80
fli,104
nat,489
ais,134
pop,61
cli,136
bom,34
omb,133
mb!,28
nec,86
usp,25
xtr,47
?va,402
van,208
avy,15
vy!,42
omm,202
ogs,33
dic,244
ulo,44
lou,166
ply,27
eps,45
amp,268
uns,158
ham,312
opi,96
aje,22
sty,78
amo,149
asl,18
eys,59
awf,10
wfu,8
oca,116
rve,117
odd,59
dda,40
jan,115
eke,43
len,338
nty,39
ssh,22
?c!,1
ili,437
rtu,65
tun,82
uni,200
mmo,86
tto,123
erm,313
oev,5
mma,100
ug!,41
mai,142
kni,35
nif,81
dev,122
alt,176
lth,34
hts,59
hnn,4
cod,47
ode,169
due,19
log,267
ogi,158
giz,17
ngu,89
uag,4
olk,32
lks,22
bul,128
lsh,21
ndm,29
dma,54
tau,30
aur,98
ura,289
?gh,45
gho,36
cup,50
tig,90
onv,87
nve,124
rsa,57
sat,145
pee,78
adv,66
dvi,23
bey,24
eyo,31
rdl,34
dly,92
nsp,72
ncy,80
cy!,143
?ed,105
meh,17
eho,55
pok,27
gel,114
tap,62
ilk,44
pra,126
ana,475
nag,108
rdo,89
vot,30
jak,13
upe,133
obe,110
ges,191
nci,187
cin,222
opy,26
plu,61
lus,137
cak,18
edo,84
dom,111
rew,110
ket,160
owa,58
ngt,77
gth,17
siz,38
oto,175
idg,88
coa,69
oac,44
ced,149
fan,103
iga,160
gat,200
lde,153
oc!,27
roj,19
oje,11
jec,64
xam,17
sci,97
cie,119
rav,188
ncr,45
dib,25
ndp,20
dpa,14
pa!,76
cte,134
tee,141
imi,184
rle,132
uly,13
stl,98
urv,41
viv,47
obb,105
bby,46
nur,32
?e!,1
fak,10
?oi,22
oil,66
ici,277
elo,162
amy,31
ema,270
igi,84
dit,153
?ug,17
nvi,75
vit,128
dis,625
isc,207
scu,92
uss,151
asi,191
sie,144
iew,40
rik,81
rog,117
dr!,12
owh,17
rif,124
kim,49
cog,32
ogn,30
gni,81
niz,88
ads,116
aud,103
udi,104
jea,19
soc,67
oci,63
ety,37
omf,16
mfo,19
dry,26
ega,156
gan,263
?ay,54
jef,17
eff,73
fem,16
ele,433
unf,60
una,134
oye,32
niv,27
nio,66
ogr,108
ram,350
efe,98
lab,103
oof,62
?h!,1
aff,147
ffo,36
nda,286
dum,46
zed,196
tis,209
noi,42
ois,101
ril,152
lia,269
ian,662
odi,123
buc,61
cks,237
kev,6
ugl,15
gly,98
?ry,49
rya,27
yan,144
foc,18
ocu,52
exi,62
xis,29
dra,224
raw,81
pur,117
rpo,57
nie,217
sug,64
ugg,114
ibi,83
sue,31
swo,56
ppi,150
iny,24
esk,18
nct,83
cei,39
eiv,29
ida,142
isa,181
sap,47
da!,358
urg,145
ses,365
ayo,53
abe,125
dso,27
taf,27
rod,138
odu,50
duc,153
uce,66
spl,68
pli,171
dd!,21
owl,89
wly,9
ala,321
lep,52
gne,81
gar,247
pig,33
mod,89
del,278
fla,195
sco,257
nsa,72
cot,75
tt!,191
sof,28
tyl,37
yle,59
mmu,50
mun,119
ees,125
nop,33
eec,40
ech,139
hak,78
?sn,223
sno,85
sia,113
lak,71
ohh,10
emi,220
pal,154
nak,69
uga,78
ucc,63
wet,25
nah,29
?ka,625
kat,120
fet,44
?fb,2
fbi,1
bi!,58
hef,19
dig,69
jou,36
eta,224
ils,92
div,91
ivo,38
une,117
ia!,564
otb,10
tba,43
heo,51
gos,55
osh,153
rui,55
uin,102
iam,41
spr,92
jap,8
pag,51
imo,98
os!,417
rmi,166
jer,48
siv,111
?eg,59
egg,62
ggs,28
egr,93
ndy,51
sub,198
ubj,11
bje,25
gal,180
?il,75
jas,20
wne,43
kel,94
yel,33
rei,114
rer,123
ntu,72
ury,77
poc,38
bik,16
odn,4
dne,47
rsi,110
?sq,99
squ,144
qua,232
ndf,17
dfa,10
?eu,65
eur,109
uro,107
niu,37
ius,83
uyi,3
?oc,82
cea,50
?dn,6
dna,17
iar,80
sa!,197
lud,64
mpe,206
tit,183
bon,153
ras,273
edr,43
ilv,29
fen,90
sul,75
lts,42
toi,36
oya,71
yal,39
wns,46
?av,87
oid,77
ghe,46
eph,67
irp,15
obs,92
bs!,149
lte,103
gia,60
nsu,112
woo,184
ods,68
?n!,1
iod,15
epe,129
tos,88
cio,103
wle,58
edg,69
?b!,1
sts,231
leb,76
ebr,73
map,19
ume,103
ixe,21
xed,30
req,32
equ,133
pou,67
ata,255
jur,39
aks,46
egu,61
gul,82
swi,86
?od,46
exy,4
xy!,20
adl,51
onf,114
nfu,39
fus,62
ffa,34
hoc,44
piz,7
izz,73
zza,27
za!,98
mmi,138
exu,28
xua,21
suf,31
thu,90
oco,53
ola,205
hm!,17
erc,207
rcy,13
ucy,2
phi,166
abi,177
bie,75
raf,98
rag,213
emm,47
cil,73
ntm,22
jen,25
enn,188
phy,75
hys,41
ysi,54
thy,74
isg,20
sgu,11
gus,73
ghb,22
hbo,35
orh,15
rho,49
lip,109
ips,97
dni,8
pis,67
dva,16
erk,63
daw,23
awn,59
?ef,39
pel,123
ewe,78
mie,83
kli,55
vac,48
aca,93
iol,72
leo,54
dmo,24
luk,12
uke,70
irm,55
heh,8
pia,51
ava,159
vai,28
ila,167
val,218
alu,77
mir,111
irr,76
ror,47
tax,20
axi,43
xi!,14
?ir,118
iro,140
gto,53
onk,49
nke,136
pil,88
ira,204
acl,41
wim,19
tia,193
atm,23
tef,32
cue,18
pab,15
oui,26
uis,107
tex,31
rfo,31
epl,67
veh,8
icl,38
jos,43
unb,55
nbe,67
eva,134
vab,25
?ze,99
zer,104
loa,93
ahh,18
rme,145
lid,87
ffs,43
fs!,66
ker,480
ags,40
tip,54
aim,61
dsh,35
erl,166
urf,38
rfa,37
jun,70
ior,78
gg!,28
pun,66
wok,8
ige,91
opu,29
agn,90
dus,50
?ky,39
kyl,14
eda,100
chn,42
hno,15
nol,65
ogy,69
toa,18
oas,36
?ls,15
apr,24
wol,45
olf,37
oms,58
ifo,18
xch,7
cow,39
gns,10
cab,71
ssf,10
sfu,15
sep,53
nia,211
?lf,6
?ll,16
hif,20
iza,91
zab,14
cag,16
kar,149
goa,19
oal,24
ilo,95
kso,16
rkn,7
sal,207
rar,60
jui,10
wid,35
edu,64
dul,72
plo,110
cig,9
jul,30
uli,110
fru,29
lew,35
sac,75
ifi,212
ayl,45
ylo,34
amb,195
mbu,41
cir,49
irc,58
rcu,59
cum,65
ums,53
mst,28
gor,125
unu,11
nus,61
?eq,38
uip,8
ipm,11
pme,13
oey,11
lps,7
nas,114
gaz,23
rud,89
?zo,86
zon,37
eez,47
eze,34
sna,72
mex,10
xic,23
ico,126
co!,159
lil,50
wsp,5
jon,32
nga,109
gag,29
stn,8
tn!,4
spy,11
arp,100
rp!,39
ado,177
ngd,17
gdo,15
uad,36
wav,28
ghn,13
hne,39
neg,67
obi,108
bin,192
lec,163
eou,51
rga,113
mpi,76
rna,174
agg,143
ggi,126
gie,88
oop,108
vem,17
obj,17
sob,24
bbi,84
ics,146
cs!,190
alc,66
coh,23
oho,20
lim,132
imb,79
nfe,63
ley,313
hio,46
?ep,64
sod,20
riz,112
deb,60
ebt,6
itl,41
wir,36
rcl,23
toc,79
cts,82
uca,42
vo!,39
lib,91
ibr,49
wli,27
exh,31
xha,15
ilu,19
lur,56
htm,9
glo,76
epu,34
uta,96
nfi,99
fid,53
yar,58
lms,16
fle,131
ghl,19
hly,24
fed,68
bbe,105
ewa,76
hns,6
nso,132
atr,152
rao,16
aor,12
bay,44
sli,106
pte,44
ckg,6
kgr,2
arb,163
rba,89
lyw,13
ywo,16
kie,122
isp,105
ltu,22
gee,37
?ig,45
gno,57
sef,23
aba,123
icy,10
mba,127
ldh,5
dho,22
bow,52
sas,64
evo,90
nli,33
?f!,1
dem,142
coi,36
ac!,90
vir,63
irg,24
mpr,92
doz,17
oze,32
zen,44
etl,25
api,101
eny,32
?ur,67
eha,69
mol,101
mix,13
bti,5
niq,15
iqu,76
duk,12
uct,135
lav,93
cru,132
uel,91
jo!,46
ggl,69
abb,131
sks,14
dai,57
sem,125
nav,61
uid,42
ccu,69
nsf,28
sfe,9
gut,33
mne,17
veg,19
shy,35
shm,57
hme,51
fev,8
bru,100
wl!,24
pef,8
?g!,1
seu,29
eum,28
nkn,10
adu,39
ndw,12
dwi,39
aws,29
cka,58
kag,41
rsd,6
sda,32
alb,64
lbe,49
civ,27
seb,34
eba,89
xpr,18
tue,16
esd,13
ph!,54
sau,62
rgu,30
opt,34
pti,182
hty,17
mob,38
ec!,29
ssy,51
nap,74
aly,81
nuc,21
ucl,9
jay,31
deg,27
yti,12
rlo,83
eag,40
agu,80
ora,332
cif,39
fif,11
fth,21
?ko,286
kon,51
oyi,11
?gy,47
gym,9
ym!,8
?yu,106
yup,6
cav,57
omr,6
mra,14
fox,15
edw,15
dwa,37
xas,5
lfi,47
sku,16
kul,27
pio,28
apy,12
auc,44
ibe,116
ewo,47
ewi,65
etr,186
rva,70
bib,19
wip,16
ipe,86
?j!,1
ndu,92
ipt,45
gio,62
ats,209
phe,147
nfl,48
flu,65
uen,83
fue,20
awi,19
exe,59
xer,27
rci,78
ttr,26
iru,31
reb,83
ebe,78
ecc,30
cca,63
tst,26
jew,19
rys,42
lua,22
uab,9
ctr,55
tus,83
nkl,58
li!,224
xit,11
gum,34
cip,74
ipa,55
urk,37
toy,24
ryd,8
yda,17
rgr,25
eef,21
ify,84
fy!,82
chf,7
hff,2
fff,6
vei,21
eil,53
vam,16
sop,41
oph,114
adq,3
dqu,6
cko,49
?os,80
osc,53
keu,5
eup,16
bug,32
orb,66
rbe,79
nep,15
hew,34
cee,23
ito,185
utf,11
tfi,23
chl,51
hlo,26
loe,11
bai,54
lds,62
tok,41
oky,13
kyo,20
tum,61
ayn,39
yne,70
inj,43
nju,37
?ia,17
awk,41
wkw,3
kwa,33
mep,9
tiz,47
asa,142
nai,75
env,36
onm,21
rru,33
rup,82
upt,60
isf,28
sfi,25
arv,67
?r!,1
etc,62
roz,20
kip,18
nsc,57
unh,31
nha,78
wra,29
nab,104
vey,40
bis,60
cku,16
kup,20
nn!,119
rby,19
nef,26
dve,32
?p!,1
dyl,9
yla,48
oxe,17
xes,32
lop,92
pip,32
loy,48
tmo,23
sph,36
va!,112
wnt,6
roe,29
zat,62
coc,81
iry,19
hab,98
buz,15
uzz,46
zzi,35
htl,24
noy,12
dgm,5
gme,24
uls,54
fos,17
idu,20
dua,31
pes,109
yay,3
nco,168
edn,16
fts,25
cem,56
rwe,27
vea,18
rek,34
wiv,4
?x!,1
dds,4
mud,25
ptu,37
occ,56
tth,24
lah,48
ssp,12
amm,155
sey,70
aco,80
cob,44
lap,88
ols,63
moa,15
aph,135
fty,12
uds,27
ipp,185
epr,85
eaf,22
af!,28
aci,164
iz!,27
hni,28
?ii,15
ii!,42
ofi,50
?ox,24
oxy,17
xyg,4
yge,6
jee,34
ez!,86
ino,264
hao,13
aos,9
tub,38
ubb,82
bbo,22
ugu,39
oi!,37
rey,87
mbl,128
edy,22
anw,7
nwh,3
igs,27
via,84
gem,42
orp,74
rps,19
cad,73
alp,51
lph,41
seq,27
ftl,5
mbs,25
epy,6
sne,69
kei,28
htn,9
tni,15
olm,33
asc,93
?et,57
hau,85
kla,45
anl,27
aya,154
jaz,9
azz,43
zz!,28
ypi,10
oro,153
tob,39
oby,18
teg,46
egy,8
jin,66
lbu,19
bum,27
rub,60
lpf,3
pfu,4
wde,14
syn,63
ync,35
nc!,26
joa,14
cok,8
ghw,5
hwa,61
pha,114
liq,23
quo,34
uor,13
jet,25
ido,85
gri,154
shl,26
hle,50
rau,66
aum,35
dac,29
xan,28
nov,92
cef,20
aar,45
loi,45
uir,59
fab,42
abu,61
?ln,17
ln!,4
nau,57
soa,17
oap,6
opm,7
lob,52
opo,87
zoe,2
?u!,1
urb,63
rb!,23
gim,25
rnt,10
reh,66
mia,48
mi!,173
bo!,83
eym,16
rsh,114
otl,23
tla,43
rmo,97
wls,15
usc,45
scl,17
gnm,8
xpo,21
nad,79
von,24
rco,79
tli,75
opr,36
rka,40
kab,55
sym,53
ymb,19
mbo,102
bol,110
yee,8
dor,205
slu,43
epp,67
ube,68
rr!,39
toe,24
poe,14
oet,17
mul,119
lti,97
ipl,50
rtl,47
erp,105
anx,11
nxi,9
xio,14
etb,13
aii,22
haw,84
?ul,48
aym,27
yme,36
rwo,33
bse,41
laz,40
ezi,17
rum,158
fon,40
lfw,3
fwa,2
ifl,19
?w!,1
kor,51
soi,16
bak,39
adg,16
gig,25
oem,7
agl,27
acy,44
isd,21
sdo,4
jua,9
uan,102
osa,104
syd,2
ydn,3
rbi,85
bid,42
umo,43
sov,17
var,119
owb,30
wbo,15
uto,100
vas,99
lix,11
pum,22
lln,11
lne,40
?k!,1
mo!,130
dop,26
oga,84
ooz,24
noa,10
oah,7
abr,73
lys,44
vod,3
odk,4
dka,2
ka!,312
tca,21
rpi,35
web,22
eb!,29
gst,35
aha,102
fu!,16
?iv,29
rla,70
inm,18
uhh,5
oln,11
cae,10
aes,31
esa,56
edl,63
esl,24
xec,14
lme,52
akn,3
hod,48
isy,6
wad,36
zoo,25
llp,11
ckw,30
iik,3
enu,44
nu!,33
wag,38
ieg,26
ego,85
utc,37
nen,75
gis,129
nfa,42
swa,100
bsu,5
uby,2
jil,11
umi,109
ksg,2
sgi,4
yen,15
meg,36
isu,38
kan,126
adr,61
ald,141
?kh,60
kha,83
ebb,27
lok,18
lod,53
di!,148
mbi,70
gab,35
ism,204
?pm,2
pm!,5
?vu,17
vul,25
uln,24
ued,39
au!,84
rpe,64
axy,3
muf,17
ffl,60
elr,15
lry,9
lug,44
gga,24
phs,14
wre,41
dal,170
ehe,72
roi,63
rex,15
sip,26
?ec,86
nom,89
omy,32
upr,25
ngo,99
etn,9
tna,15
cai,33
pup,14
?oa,31
axe,31
psy,65
sew,28
rpl,20
udr,12
ngh,58
si!,98
ixt,17
xth,1
gyp,12
ypt,27
itm,12
mbr,55
thf,21
hfu,19
peg,14
ggy,43
rph,32
ymp,42
pto,69
rcr,13
ggr,19
dun,69
nca,73
ubs,77
gib,32
ibb,70
bbs,18
lmi,26
vau,13
tso,25
uot,17
pep,37
elm,66
?ps,74
syc,56
ych,62
?ms,7
?rh,63
rhy,14
hyt,10
thm,25
cyc,35
ycl,35
hov,32
awr,6
dug,10
thl,34
ndn,6
kir,64
oyd,9
yd!,10
fum,23
anu,84
nua,21
pik,21
isr,38
sra,12
rae,34
raq,6
aq!,10
nvy,2
ga!,131
psi,36
pam,20
rsp,16
?cy,73
dli,72
ncs,4
ckm,34
kma,60
otc,33
rak,93
?ku,181
kur,86
?ew,12
fry,8
nui,15
dgi,29
bts,2
zom,5
tut,69
ixi,18
xin,35
moc,40
ocr,42
oel,19
myt,14
lpl,6
?gw,21
gwe,12
hep,22
zil,20
okl,6
lyn,73
yn!,74
cun,16
nja,34
tae,21
ae!,81
icn,3
cni,3
yu!,34
hiy,18
iya,97
rmu,19
amu,73
ai!,159
caf,23
usn,13
nik,75
ikk,20
kki,16
ki!,261
oob,21
naz,26
zi!,60
lux,17
uxu,5
xur,5
?v!,1
adc,18
dca,21
ja!,67
awl,54
udl,7
ubw,3
bwa,6
rej,30
eje,21
?wu,28
wu!,1
nva,29
oso,34
nyh,3
yho,13
aiv,14
yli,41
jol,29
puz,7
zzl,53
zle,49
rgh,29
wiz,9
zar,74
sni,56
onu,24
mau,46
oeb,12
oxi,58
kun,41
eki,38
ecl,45
bub,21
bbl,82
xim,22
imu,50
inb,32
nbo,27
atf,13
tfo,22
llu,100
anh,31
?za,118
zac,14
esb,19
sbi,6
bia,66
ebs,13
bsi,20
rbo,99
lol,22
moi,27
otg,3
tgu,6
ckt,21
kta,9
utl,45
diz,20
zzy,20
lyd,8
ydi,13
tid,37
ssw,15
irk,44
nao,12
aom,5
uno,29
phr,33
hra,65
sgr,16
ova,97
nac,87
dim,58
hac,70
itr,65
owt,23
wth,19
hia,65
dap,20
phn,4
lum,135
umn,12
llw,17
lto,53
xcl,17
hud,19
adf,11
dfu,7
feb,8
rua,10
lvi,49
shr,84
?wy,27
wya,2
yat,19
oen,22
nix,12
rfl,11
ogu,43
atl,46
mps,73
pso,14
inh,86
afg,5
fgh,5
gha,76
mpb,4
pbe,7
urm,26
ddh,11
dha,71
aww,1
ww!,4
rsu,24
bic,43
?yi,35
yi!,9
nh!,15
unw,37
nwa,42
ckn,26
ceb,10
wso,8
saa,18
aac,6
seh,14
raj,57
aj!,28
rml,12
mle,29
ios,45
hdr,8
fog,16
lu!,50
dsa,4
ibs,15
eip,4
soe,8
jar,51
vag,40
ivy,5
rox,27
ssm,26
tew,24
mut,69
bew,8
buf,25
pov,16
bam,23
fyi,42
sp!,20
rc!,15
rtr,32
ffr,23
bev,12
diu,19
ium,99
upb,6
wni,24
doy,6
oyl,16
thq,2
hqu,2
uak,8
cta,75
acu,56
iab,46
wam,24
amt,5
mt!,8
efa,47
wa!,125
fio,12
iba,66
pth,3
tam,148
uci,58
nnu,17
ulf,31
reu,35
eun,32
cly,8
yde,27
gac,6
eab,51
mue,15
uea,18
nsm,28
ugo,19
xie,20
hok,34
lfa,17
?mc,218
mcg,26
cge,1
cui,18
kna,16
dot,31
oir,39
gil,81
esy,13
hob,50
lui,22
syl,22
ylv,13
ji!,100
ba!,134
rny,8
tei,54
nsl,35
eos,18
dlo,20
sif,33
upd,6
pda,10
kya,13
teu,21
wk!,14
ni!,303
pim,13
dip,30
lel,26
elu,45
luj,5
uja,15
jah,15
wdy,5
dyn,16
yna,40
cub,33
uba,56
onq,13
nqu,74
uer,86
unp,45
npl,13
tox,27
adw,24
pud,17
iki,65
odg,38
dga,9
ftw,4
twa,52
oak,34
awh,2
ofa,14
fa!,25
iac,38
dsc,6
itz,98
tze,34
glu,26
esm,34
bio,68
pad,60
pyi,5
nya,46
biz,10
sab,80
wig,39
wax,12
?cd,4
cd!,7
ik!,95
das,64
jae,5
oyc,12
yce,28
efc,4
fca,4
zze,17
ryl,28
yl!,26
?gp,5
gps,1
maf,7
afi,35
fia,24
ddo,27
rtb,12
tbe,9
odl,42
sei,48
eiz,11
mug,32
ilr,9
lro,26
git,66
du!,36
ynn,15
iao,31
ao!,67
jad,11
?jr,2
jr!,1
cuu,4
uum,7
bst,56
gap,9
arf,47
rf!,26
zis,7
ilw,7
htf,13
tfu,43
tad,43
?dj,15
dj!,2
sth,40
lch,38
alv,66
lva,45
yog,15
btl,6
nky,53
acq,36
cqu,42
joo,11
vet,67
seo,20
kai,38
zes,51
ndd,4
ubm,19
bmi,8
eru,57
riu,46
mph,60
nun,30
sfa,9
zie,41
lta,45
dos,60
tov,23
yoo,8
olt,59
?dw,25
?om,60
hua,40
ua!,41
rdr,28
lir,17
mpk,10
pki,17
nkf,9
kfu,7
yps,6
ceo,7
?ax,16
xe!,8
azo,29
zor,30
adj,30
dju,20
bax,3
axt,7
xte,31
jel,21
?zi,81
zip,16
hog,30
dyg,3
ygu,3
jaw,11
opc,3
pco,7
eyn,19
yno,18
rtg,4
tga,6
enf,31
agh,40
idl,33
utr,49
rij,7
iju,11
onr,16
nro,28
mec,27
izo,20
oru,31
fo!,17
vow,9
akd,5
kdo,7
?dv,6
dvd,3
vd!,4
elh,8
lhi,2
gow,17
eid,31
teb,27
uye,5
mim,24
olc,19
lca,19
ylu,7
nil,42
hah,29
cyn,11
ynt,23
ndc,11
dcu,8
cuf,20
fag,9
ggo,15
yac,11
cht,35
ynd,16
ilb,47
?rs,7
aze,93
lyr,13
yri,36
pod,24
hul,42
ulk,28
?hy,150
hya,23
yah,22
?dc,6
dc!,6
?xe,11
xen,14
dex,17
tco,21
heq,9
exo,23
xot,4
hth,17
sfy,3
?kl,65
lom,68
xts,3
ti!,189
abd,25
bdu,19
jup,4
hay,75
nra,24
oxf,4
xfo,7
?z!,1
wh!,1
nip,44
efl,39
odf,8
voy,21
yag,18
ui!,43
aaa,73
upa,27
xhi,12
hib,63
cua,11
ohi,26
nfr,34
?ut,46
fad,12
rto,117
?kr,165
kri,53
shn,22
hna,17
eby,12
oit,26
su!,80
osu,48
bma,9
paw,25
boi,24
msy,5
?xi,40
xia,37
haf,32
nlu,6
ssr,11
sro,10
aty,28
hik,73
dag,31
dwr,2
wsu,2
ksh,39
emn,15
xpa,17
unr,60
nri,36
pak,11
hta,20
gsi,4
ei!,109
liu,18
iu!,23
eug,10
nlo,25
nhe,38
wep,4
jav,12
hhh,64
fug,16
ugi,36
?io,36
?ik,24
nud,14
idy,13
ri!,283
eev,34
cyr,5
yru,6
osm,21
vom,5
rmt,3
mth,4
gnu,11
rwh,11
ldo,61
efr,53
po!,61
ckp,24
kpa,7
chm,66
hmi,25
idt,10
dt!,32
cey,27
?uk,8
uk!,37
ewt,13
wto,12
enk,48
wap,8
ltz,18
tz!,114
nje,17
teq,2
inq,21
tiq,16
puk,10
oym,8
dod,25
urh,4
efs,14
iv!,17
yso,17
?ng,11
eto,129
hyu,11
yun,35
rlt,2
nib,27
dix,7
ixo,6
xon,17
suz,26
uza,19
zan,45
iii,9
ias,67
asm,39
sm!,159
rdw,12
noe,20
uai,17
edt,9
dti,1
pbo,10
eof,10
vib,18
ofo,15
sfo,22
dov,21
oty,21
ooo,59
erb,169
teo,32
dez,15
ezv,1
zvo,1
mae,19
elb,27
lbo,41
anz,61
nz!,18
ska,52
igr,46
kas,76
ulp,31
lpr,5
xti,14
tc!,7
?oz,13
oz!,20
vej,2
ejo,23
eya,26
pts,22
?ny,33
nyp,3
ypd,1
pd!,18
jax,2
xil,8
awb,13
wbe,8
yur,15
evv,3
vvi,8
lby,16
coz,5
ozy,9
icr,48
ibu,56
mei,35
olb,21
lst,43
lym,22
yum,11
ekl,5
obt,8
bta,9
smu,33
rhe,56
snu,19
aja,43
fax,10
dch,8
neu,84
?rm,3
je!,16
oog,31
ogl,27
hiv,35
wfo,4
fyo,9
?py,44
pyr,19
yra,27
ebu,52
acg,6
cgy,1
gyv,1
yve,7
aml,17
sek,17
?ss,19
gu!,22
bry,18
?ie,12
bys,14
pr!,7
bau,39
aue,15
lsa,20
tu!,48
duh,1
joc,14
sdi,10
ayg,4
ygr,7
ldw,10
sre,28
rbl,20
url,50
tht,6
htu,5
msa,5
fti,27
nma,43
?km,6
km!,1
pss,4
sst,10
arw,27
enz,56
nzo,23
zo!,58
gad,30
nkr,8
kru,26
oko,57
kou,36
foa,8
oam,12
cib,11
?bb,5
bbc,1
bc!,9
axw,3
xwe,1
ouv,14
uve,34
nir,16
ib!,33
hru,31
nyi,9
ewl,9
pi!,30
ffy,27
eov,7
reo,47
ruz,11
uz!,11
luf,16
?ee,28
?mw,3
mwa,7
wah,18
aky,16
vip,6
otp,7
tpr,3
juv,10
anv,21
mcc,57
coy,11
vew,3
gid,24
pp!,29
xty,1
?nd,6
htc,5
tcl,6
apl,36
tug,13
iov,8
ecy,13
puf,11
lul,21
ulu,27
?jj,2
jj!,2
tts,26
ndk,4
dke,3
yua,3
dab,37
syr,14
npr,18
hma,73
anq,28
uet,50
thb,20
hbr,8
ulg,24
lga,32
zeu,2
eus,43
och,153
irb,22
jeo,16
ecs,11
cst,4
ckh,35
khe,23
riy,13
moe,8
?zh,30
zha,14
arz,14
rza,12
?dd,9
akt,8
kth,8
wds,1
ci!,58
bba,36
igo,77
enp,8
arq,21
rqu,30
ahu,22
ayt,20
yto,22
nns,12
nsy,9
guv,2
uv!,7
pey,12
eyt,4
yie,6
kst,37
uiz,12
osq,5
tsy,12
edb,14
dba,29
exq,2
xqu,2
rct,6
paj,4
ipu,23
?uf,8
ufo,9
dst,58
hli,29
dew,20
wey,7
ryc,5
?q!,1
uiv,10
opa,73
lda,46
vi!,45
tyi,6
nla,29
isb,30
sbo,26
eyb,12
olg,13
kpo,12
yuc,4
uru,46
ru!,104
ev!,50
vij,8
ija,31
kew,15
iek,14
rgl,23
hyd,47
ydr,43
aok,11
byr,6
yro,29
lcu,17
voc,42
fi!,22
cuz,6
naw,21
yba,15
bue,12
iap,11
rfi,40
enm,9
eow,8
lof,15
atn,18
ayd,28
pez,7
cuc,16
koo,16
imn,2
?ez,7
ezr,2
zra,4
hym,13
vad,33
lyp,15
lyz,11
yze,11
hup,10
edm,17
dmu,6
yak,42
aku,85
kuz,8
agm,20
?bp,3
bp!,1
rdy,23
aza,77
onz,26
nze,22
hez,6
?hq,1
hq!,4
izu,36
zur,16
ncu,37
nez,22
?ns,7
olp,16
spu,35
psu,12
mly,10
auf,14
feu,11
wnl,6
?cc,10
cct,2
ctv,3
stc,9
lml,2
mef,3
ayr,11
ntg,1
tgo,4
gom,17
mop,21
pao,7
aol,12
zek,13
aho,33
ovo,22
vok,17
stp,10
tpo,10
otu,15
izi,87
?gt,6
gt!,8
dys,21
xtu,10
rsc,23
nay,28
kii,4
iin,18
ohe,31
dil,67
ju!,26
lpt,9
arj,21
rjo,13
soy,10
?yv,5
yvo,3
aiw,2
iwa,35
akh,27
khs,7
sc!,12
lyl,5
sut,27
gei,20
?pd,5
afa,23
fae,11
hu!,64
rdn,8
bu!,38
kra,71
dme,9
taw,20
muh,5
uha,22
yeb,6
aoh,6
eij,10
iji,34
byl,8
nod,22
ouq,3
uqu,9
ulb,14
lb!,5
pue,12
tyr,32
yre,23
haz,41
zel,38
uda,51
rtc,7
tcu,4
hyl,20
yll,20
dub,23
rix,17
fuz,3
ldl,12
uaw,5
wki,8
cim,15
voo,4
odo,85
hyp,64
ypo,38
dvo,6
ioa,5
hmo,17
nre,42
obr,9
tib,52
tui,16
evs,5
vs!,15
gi!,84
byp,6
ypa,9
?pn,7
pne,15
?nc,12
onb,20
tya,19
neo,33
onj,20
nid,24
anb,32
nbu,32
axl,3
xl!,3
uso,12
heb,19
ngf,16
gfu,6
owr,11
wry,6
ko!,266
efy,5
rbs,14
?hw,6
ueu,6
eue,5
ntd,1
tdo,17
eky,3
apd,6
rju,12
ndh,33
dhi,20
uas,20
vik,23
ikt,5
kto,22
?ts,69
tsk,13
piu,6
egl,24
tav,35
thw,31
hwh,3
ogg,71
heu,17
?aj,23
dye,7
lma,105
woe,4
yew,5
tys,4
awg,2
wg!,1
upc,5
pca,6
kum,45
uac,12
mab,21
eod,14
?ct,9
eew,7
lij,5
oaf,8
bte,10
guo,7
uo!,29
rye,18
fei,29
eic,14
nox,10
pew,16
ewr,10
utm,11
?bh,58
bha,56
ckd,11
dwe,29
oyo,28
yot,16
oov,16
ngk,9
gko,5
kok,14
kho,29
?oy,14
hag,61
bah,19
ayc,9
elg,19
lgi,20
giu,13
hev,27
yr!,9
hwe,12
lfe,13
abn,9
bno,10
ndb,28
?iz,15
ltd,4
td!,3
bb!,18
ewm,7
wma,17
jed,6
tsb,5
sbu,31
chy,59
lei,74
mcd,17
cdo,16
mao,7
eis,81
yni,12
inp,16
npu,7
xpi,8
xag,8
rko,29
yeo,37
iaz,5
az!,44
nzi,38
onx,1
nx!,11
orf,25
?xa,13
xav,3
tm!,2
osw,9
upy,4
daf,10
mpy,22
sos,16
zea,11
eju,24
lky,10
?vl,18
vla,16
bdo,5
hof,20
ffm,7
fma,14
?ds,6
anf,19
ahm,23
pry,8
br!,2
ooj,2
oja,17
moz,7
oza,33
chd,9
hdo,7
hub,31
dak,20
ako,68
kot,26
chc,7
hcr,3
cec,14
mck,18
epf,3
pfa,1
xib,4
tao,7
knu,10
rmh,7
mho,5
lye,15
djo,7
lge,28
iah,22
apk,2
uc!,8
tey,12
mey,26
dse,23
weg,6
hnu,3
rca,53
eud,14
rez,28
mso,14
hyb,4
ybr,8
iif,2
oia,9
opk,5
yuk,39
uki,69
rtw,17
twr,5
fsp,2
roh,27
aka,187
ruf,28
ufu,4
ttu,18
rpa,31
nka,63
?pc,8
pc!,5
ssl,52
odr,17
uez,10
mez,5
ksu,6
ikr,9
iai,10
llr,11
ubu,14
ubc,14
bco,9
jod,10
?ak,78
eoi,5
?cs,7
csi,5
kik,25
wnh,4
nhi,22
irv,9
mu!,27
lsn,3
?qi,15
qi!,3
ghd,1
inx,8
bao,8
ldf,12
dfi,17
gfi,8
odw,15
bog,30
jab,18
utb,19
tbr,15
sow,13
enh,45
uhm,2
?kg,3
kgb,1
gb!,4
kyu,11
spb,2
suv,9
?bm,7
bmw,2
mw!,2
?cz,10
cze,9
zec,11
euv,18
?ae,47
ctf,8
ogo,29
fto,12
alg,37
lgo,12
mns,4
alz,11
lzh,2
zhe,14
eim,31
ubp,6
bpo,4
foe,8
?cm,9
cm!,2
epm,2
pmo,3
mfy,1
jog,9
rkl,21
fuh,7
uhr,8
noz,15
ozz,16
zzo,14
joj,2
ojo,13
osy,17
wi!,12
aic,23
xto,22
lup,16
apm,2
pma,10
ckr,11
kro,39
npo,22
cac,30
hst,15
egf,2
gfr,2
rdb,7
dbo,13
rur,7
lsi,38
iow,7
fsh,4
av!,56
fib,21
eog,17
fow,8
yss,11
edh,4
dhe,30
aub,21
ubr,24
cet,44
upg,4
pgr,6
eot,18
ngy,26
thp,7
hpa,6
cud,15
ptc,2
tcy,1
xel,5
ofy,8
waf,11
lfu,15
cox,4
aju,10
nuo,10
uou,38
yok,29
mri,8
sot,18
?mp,6
ewd,10
wdr,9
ewb,10
uig,9
ndt,19
aer,33
ciz,14
rkp,6
kpl,4
fud,6
ysh,10
ifa,15
wti,2
cyb,16
rdu,15
adp,7
dph,3
hto,19
cay,19
eu!,28
tfa,11
yik,3
icc,33
oha,58
stw,20
wie,31
?jp,3
jp!,1
zig,11
nog,40
afo,16
iia,5
npa,17
tzg,3
zge,3
adh,44
utd,11
aqu,46
?mt,5
vig,38
aa!,36
ctm,6
ltr,28
rg!,123
ika,120
aru,105
?sd,7
sdh,2
dh!,9
dla,19
usk,33
wke,10
cya,6
dek,18
ulc,20
dfo,17
odz,3
dzi,7
ipi,34
woa,3
chb,20
hbi,2
shv,1
hvi,5
bsc,26
ahn,9
ooe,15
oed,23
rhi,18
rrh,19
gog,22
evl,3
vli,3
atb,13
zli,12
lyo,14
kg!,2
obn,4
tof,25
ofu,14
zap,13
puc,19
riq,10
oax,7
huf,21
pav,29
ugb,2
gby,7
?jt,3
jt!,1
zeb,12
eyl,15
jug,21
dup,27
aot,5
etp,5
zas,4
vak,14
unm,26
nuf,15
ufa,11
tzv,3
zva,4
vah,4
qin,7
xtb,2
tbo,21
ubo,22
uzi,8
cu!,16
uzy,1
nwe,7
moh,23
?pf,17
pff,4
fft,4
ceu,4
lpa,18
jia,19
utp,11
tpu,2
yfu,9
amw,7
mwo,8
iox,3
xid,11
?bc,2
anj,46
jal,20
kse,13
uph,18
ukr,5
tah,24
ooi,10
nho,53
arx,4
rx!,3
ksm,8
iob,4
obh,3
utn,11
tnu,5
mc!,5
caw,9
onw,12
ppu,8
ucu,6
deq,5
ifs,4
odm,8
syb,4
ybi,10
ayf,15
ziv,1
seg,27
egm,8
iko,100
kol,41
tsa,17
sah,30
ahi,48
bae,15
aek,12
imy,4
hyg,4
ygi,7
fay,9
vya,6
igf,2
gfo,5
?dh,26
kpi,6
kry,16
?sv,26
sve,20
agd,7
gda,13
gau,37
ilg,16
lgr,14
?iq,3
iq!,7
aou,5
cc!,8
jag,21
pru,36
taj,6
cds,1
geh,14
?hk,1
hk!,2
ypl,2
hmp,2
?ip,24
vec,10
nhu,15
sht,19
htr,9
uep,2
shw,32
wst,6
tsu,179
?aq,20
oxa,4
dsi,8
kap,17
gob,24
eoc,8
ovy,5
nza,54
zal,19
oml,8
ldm,8
zho,9
udo,34
byg,2
ygo,11
rsb,5
kye,4
phd,3
hd!,6
lfo,26
hry,12
ryn,24
uzu,16
zuk,22
myr,12
syk,1
yke,14
anp,9
hiu,7
rmf,3
mfu,4
thn,10
duf,14
iad,19
aqi,3
rtf,12
yca,18
?nb,4
nbc,3
mms,6
?cp,11
cpr,1
duo,8
ymn,8
mna,16
wks,7
qu!,1
nwo,24
mcq,5
lek,29
laf,16
yab,16
laq,4
owm,16
fez,3
ouf,12
ufl,2
eif,12
yam,85
dyk,3
hiz,37
baw,8
ypn,12
pno,13
miu,7
apn,6
byn,4
irn,15
sms,15
rsy,8
lej,9
eja,23
osb,8
eww,1
tux,5
ux!,51
lao,4
ksi,14
yaw,8
uxe,7
inr,10
keg,10
upw,5
pwa,10
pyt,5
coe,26
hoy,7
evy,10
?zu,34
lsd,2
sd!,5
chw,23
hwi,12
ryp,23
rdc,4
dco,10
omw,2
mwe,4
?tj,2
tj!,1
bap,18
eaw,12
hue,17
uey,6
?kw,17
kwo,17
asg,6
sgo,3
cah,11
dnt,5
ayh,4
yhe,6
zod,3
tno,5
cyl,6
sby,21
dax,2
udw,5
keo,20
hmu,11
fsc,1
gao,4
mye,4
dgy,7
sru,13
wab,16
?xu,5
xu!,1
uka,53
ahf,1
daz,12
idw,11
rbu,40
nzy,4
eub,3
iop,16
ckj,3
kja,5
hij,21
lld,9
mah,54
ahj,4
hjo,1
leu,32
lyf,4
yfi,9
kus,26
fr!,2
dox,11
lbs,4
acb,3
cbe,4
?og,23
apb,5
pb!,3
dci,1
ckb,36
kbo,21
gok,6
oku,44
ku!,85
tuo,16
zly,1
enq,7
ilf,25
vee,25
wac,12
rky,17
swu,2
wun,7
ioc,19
ubi,51
yao,5
lci,11
ciu,10
kos,37
asr,5
srt,5
siu,19
wyo,6
yom,12
tsh,23
oaq,2
yrt,2
kef,7
wsh,5
ldb,7
dbe,20
adb,16
dbl,4
neb,24
owc,6
wca,8
psh,22
moj,6
llb,30
kom,29
kh!,13
cdc,1
dfr,3
btf,3
ueb,13
ryu,21
osk,13
eom,14
zhu,10
dah,18
ogh,9
yzi,2
irf,10
eeb,20
ebl,21
lmm,5
ftb,1
erj,19
unj,15
gou,33
awo,10
kal,75
aux,19
uxi,6
dbi,5
lih,7
iho,15
dsm,19
wdo,8
irw,12
owy,13
wy!,16
loh,10
aeo,9
eol,36
pom,32
kow,19
lsk,3
syp,4
yph,24
mnl,1
ucr,11
?cb,8
cbs,2
akb,2
kba,10
hco,4
?dm,10
dmv,1
mv!,2
dob,16
mow,12
ebi,24
kob,13
vyw,2
ywe,11
?sr,24
sri,13
kau,12
ufm,2
ipo,30
egh,6
cch,29
wnf,3
lce,7
uvi,23
hui,10
moy,13
doj,4
mml,2
ikh,14
?hr,8
hr!,13
aiu,6
ysm,6
neh,14
ezu,10
zue,9
?cn,7
cnn,1
nup,10
hek,16
ekh,10
eea,5
eik,20
yeh,7
deu,24
euc,10
ewc,5
wco,4
abc,3
?az,45
ziz,3
omn,19
mni,26
vds,1
veb,5
?rv,2
rv!,10
inw,21
wnr,3
pbr,4
nji,29
bop,7
xor,13
?jd,1
jd!,1
kah,24
hyo,9
isq,9
eok,6
euk,5
kem,21
gup,4
xei,2
rym,19
?ib,25
jek,2
mtv,1
akl,10
sax,9
axo,8
eaz,8
bne,6
lpo,12
pox,7
vu!,5
feg,6
mcb,5
cbr,3
msu,4
nuk,11
atz,16
khu,11
tpl,6
?rj,1
rj!,2
myu,4
dki,7
gsl,8
ptl,4
otn,6
lfl,10
wba,14
yol,10
atk,11
tki,7
bim,9
hye,7
gah,5
utg,7
kao,11
ilh,14
lhe,16
yof,6
soh,6
esq,12
juk,7
keb,13
gae,14
geb,9
foi,14
jaf,7
maw,6
vog,7
suk,84
eka,19
htt,2
laa,9
aam,12
?eb,24
yue,5
igl,21
lba,41
osn,7
wus,5
ewp,4
wpo,5
zop,4
pyj,2
yja,4
ewn,5
?fy,5
dym,5
yma,47
tmi,7
iph,26
ehh,3
baz,15
zaa,5
aln,6
lnu,6
msd,3
gmi,5
iul,8
axa,14
xat,12
nba,40
?xo,3
xo!,3
uvr,8
vre,16
wau,3
auk,6
?pj,2
pj!,1
lko,13
oyt,2
yt!,2
yug,10
osl,23
deh,10
ehy,9
afl,9
zeo,3
elk,22
isj,6
sju,6
ubh,6
bho,12
mev,2
amd,7
mde,3
mio,9
rkh,15
?jf,2
jfk,1
fk!,2
iog,16
owj,2
wjo,3
kad,35
jif,2
bif,5
hla,17
pps,10
koj,5
oji,21
sox,1
lvo,14
igb,4
rnw,3
tda,2
ngw,15
gwa,16
leh,26
jem,6
tuv,3
uvo,3
jir,17
luo,10
hbe,4
nwi,21
sdr,5
muz,11
dwo,18
ilc,14
ocl,18
xop,3
xa!,3
kam,83
mcn,12
cna,8
pyc,3
ogd,3
gde,2
acd,7
?lm,11
owo,11
bsp,3
lal,43
xem,13
cao,4
oux,11
jeb,2
boz,11
ozo,14
lka,27
tfe,5
tlo,16
dae,24
wnw,5
jih,8
iha,45
zia,20
iea,4
aht,5
htw,7
tvs,3
ooc,21
xev,1
mpf,4
pfi,6
yas,53
jez,4
enw,22
aia,13
tez,8
zul,8
htg,2
sga,11
thh,6
hho,12
?fd,6
fda,1
uny,12
?fm,2
fm!,1
gyu,13
chs,27
wbi,3
exx,3
xx!,7
igm,21
gma,46
edf,11
dei,22
buq,2
erq,2
ldu,9
yrs,3
ldy,8
?vp,1
vp!,4
ucs,1
cso,4
rtz,14
?gn,20
nug,13
lyg,10
thc,6
ngm,17
igy,2
vez,9
imc,4
mch,13
rsl,8
rlw,2
lwi,7
abt,3
btr,7
epw,7
tij,4
bek,17
?cj,1
cj!,1
ulm,16
dto,7
rku,12
etz,22
jub,14
rgm,2
ofs,8
utw,13
sbe,28
oww,8
cuo,7
gop,11
muy,2
axp,2
rax,13
ipy,6
pya,6
otr,27
dja,13
neq,12
pax,5
hju,3
lbi,16
ghu,8
nof,16
jie,8
?gs,12
fuj,19
uji,45
wt!,5
mav,9
ruv,5
eyp,3
auz,4
uze,10
ndg,5
dgu,3
llv,1
dhu,20
bip,9
rfr,8
xir,2
?ub,10
uko,36
yus,12
uf!,14
dsl,7
foy,6
boj,3
ayw,14
lfg,1
fga,1
rpu,7
yeu,10
?vc,5
vcr,2
cr!,7
awt,7
pph,4
yip,7
acs,20
kea,22
atw,22
cyp,6
ypr,7
suh,9
obu,25
peb,2
odt,2
dth,10
pu!,15
gti,6
cbi,1
rsk,16
asq,17
phl,4
kyp,4
ggm,1
yos,52
?ao,18
zet,9
nmi,7
ggp,2
gpl,3
gyn,11
arh,24
bsh,4
peu,6
tf!,5
miz,43
dui,8
hby,3
ubv,6
bve,6
kug,3
gaw,35
iby,4
bya,6
?ek,14
ekg,1
shb,25
hba,21
hbu,13
yod,15
jiv,4
poa,7
ehm,7
maa,21
jig,18
gsa,7
hpl,1
bme,5
?rd,2
yta,8
kre,20
eml,8
mli,17
wsc,4
zee,15
rfs,5
ov!,121
?bj,7
bj!,3
yap,11
inz,13
bjo,3
msi,6
dsp,10
jov,7
lho,23
oue,13
boc,11
okk,7
kka,30
nyl,8
umu,28
?vs,2
nuu,1
csu,1
gey,18
dtr,3
aip,9
pei,14
duv,6
uva,14
nih,20
ihi,21
aui,2
ieb,12
rmp,2
buo,12
uoy,6
tsm,19
osg,5
lkm,4
hhe,2
ngn,12
lru,2
beb,6
woh,3
ohl,9
hl!,18
nys,7
luv,2
epd,5
ivu,4
pna,2
tet,47
jeh,4
pug,13
avv,5
vvy,9
pek,8
ahl,18
wny,6
eul,10
rbr,16
sde,12
kia,21
ssb,11
kov,47
iem,16
ysf,2
fl!,6
baf,6
cdu,3
baa,10
kaa,16
aag,8
tzp,3
zpa,4
zak,32
ifw,1
fwe,1
sog,7
yco,18
?gm,6
gm!,6
mmh,6
mhm,7
tbu,17
sny,1
nyd,3
yau,4
?pt,10
tsd,3
xcr,6
khi,13
cgu,5
dpo,7
wyn,20
?ej,14
ouj,5
zai,15
?qc,1
qc!,1
?nf,1
cza,4
mup,2
tyc,5
kbe,8
?uc,14
vae,3
gso,9
nbr,15
llh,14
wob,5
otj,2
tju,6
vix,3
emu,29
eyi,12
utz,13
wov,3
hih,14
ihu,6
uah,5
teh,15
ehr,19
?bs,3
puy,1
uyo,8
fah,8
ahr,10
ymi,7
xod,1
kuw,4
uwa,9
hca,5
gwr,3
nkt,4
guc,16
rhu,7
kac,11
lkl,3
klo,22
hex,9
thk,3
hkl,1
ksw,2
wos,2
?tb,7
tb!,4
llf,20
diw,4
iwo,4
alh,9
nsv,6
?md,4
md!,4
lya,30
eza,12
sko,16
tce,1
nnk,1
?rb,3
orv,19
gef,7
nsg,9
sge,7
kyw,4
asb,12
koh,11
ymm,9
nwr,9
ewk,2
rnn,1
okb,3
?qa,8
qae,1
aed,18
kae,13
dok,20
ibm,1
bm!,3
lha,15
izm,5
zmo,4
lez,8
rck,4
uix,3
xca,10
cbc,1
bez,11
ezz,16
vap,19
rmc,3
gnt,1
etf,8
itf,14
iit,7
hms,4
?ht,4
dlu,5
mcl,13
imr,9
nyu,7
?ml,6
mla,11
enb,51
uco,18
aan,44
jit,21
?ck,1
cga,3
azt,3
zte,3
jev,1
ouy,4
uya,24
nul,16
qiu,3
abh,21
bhi,7
awd,14
wdu,1
ubd,9
bok,15
aup,9
oxt,7
?vd,1
fij,4
efn,2
fne,8
pke,7
wnu,2
axm,7
xmi,3
std,2
?hb,2
?cv,3
cv!,1
ofc,1
fco,2
yem,4
aeg,11
?ld,6
mca,22
tzs,4
zsc,3
boh,14
nax,4
gew,13
pix,9
ohs,9
yid,4
sr!,5
ekj,1
kje,9
ggn,1
xpu,3
?mb,6
akr,13
syt,5
yte,30
grr,4
rrr,19
mui,7
zep,13
oer,24
raa,11
rux,4
eeg,10
rdm,7
eyh,4
nub,13
?vr,9
vro,10
apu,27
aik,34
iku,31
lbr,13
faw,9
cic,16
loq,11
oqu,26
ksa,11
gev,3
upu,7
myk,6
yka,3
zym,3
eii,10
zoy,1
wex,2
exl,5
xle,11
dao,6
ipw,5
pwr,3
scs,2
odj,1
lmu,7
shf,4
ntw,11
umc,4
mci,10
acp,3
cp!,9
dsu,6
owf,8
wfl,3
emt,3
ywr,4
kbi,4
upf,2
pfr,2
lkn,2
omu,16
pyo,8
wlt,3
llm,35
hyx,4
yxi,4
?xb,1
xbo,2
vex,6
khr,3
shc,9
hch,7
aji,51
bav,4
cgi,8
koe,5
?nr,6
nr!,4
dbr,5
ntb,8
nck,10
kof,15
fod,3
ybu,14
dte,3
awm,4
urj,8
oig,5
hyn,6
uft,8
zhi,11
ryg,5
vc!,4
kaz,45
uku,29
rrm,1
nek,21
koa,4
?mh,5
zuc,8
azu,38
zuo,4
kio,10
ccl,21
kaj,12
lmp,4
vos,18
snt,4
pog,12
zum,20
ksc,1
yfa,7
ngb,25
gbi,5
acn,5
cne,7
orq,4
uij,2
ibo,23
gsh,17
ifr,4
kbu,6
mog,24
?mj,2
mj!,1
ckf,25
kfi,15
gp!,3
rkm,9
kme,10
fek,2
tik,19
zio,17
?ud,13
eej,8
zol,13
beq,6
baj,12
hux,2
uxl,1
faz,6
koi,5
yei,3
xal,4
kti,4
lft,4
sao,11
?eo,11
yrd,5
yuu,10
uu!,15
?lp,2
suy,10
lkh,4
oeu,10
agp,6
gpi,6
yul,11
rkf,1
kfo,10
stb,20
tbi,9
eyw,9
?jb,1
jb!,1
siq,1
iln,10
ysl,3
wsr,4
ssn,21
?ft,4
cew,8
ywi,9
nye,5
eyr,6
itw,10
?nt,9
udu,7
hpi,4
eux,13
atj,5
tja,5
dhy,2
dcl,4
odc,12
nru,4
agy,7
ukk,8
khl,2
xus,5
dey,8
?mg,5
mgm,1
uam,4
ewf,4
ioo,2
?nh,4
nhs,1
udh,17
jox,1
itj,4
nae,32
doh,4
mg!,4
lns,3
iks,11
wsl,1
ayy,9
yya,9
yaa,7
sae,10
kud,9
hfo,6
uau,1
pex,2
miy,38
iyu,9
kiw,4
iwi,6
gmu,4
cmd,1
mdr,5
obw,2
bwe,4
ulr,8
faa,1
waw,6
?tt,9
oie,3
?hp,3
hpd,1
gsb,6
viu,7
aoi,9
rkr,5
ldc,4
svu,1
?uv,4
doa,5
oab,6
kke,14
njy,1
jy!,1
ozi,15
dya,11
rja,20
asz,4
szl,1
zlo,5
yrn,4
rsf,2
gec,4
phu,12
jib,9
tr!,9
vii,3
unv,7
klu,12
soj,3
oju,6
ixa,7
kwe,10
ocd,1
yuj,2
bup,3
ltm,3
?tn,2
tnt,1
dji,6
fdr,1
?wg,1
wgb,1
gbh,2
bh!,7
cps,1
wik,6
juj,4
uju,3
azm,5
zma,14
paz,13
?sf,4
orz,4
?tc,5
ofh,4
fhi,2
dhs,1
dof,8
?tz,7
tzu,1
zu!,29
pmu,2
kdr,3
?bf,4
bff,2
cgr,9
kys,4
ysc,3
?tl,10
tlh,5
ngp,6
ixp,2
imw,5
mwi,4
hp!,3
hyr,6
mcm,13
cma,11
mif,9
kyd,3
ekb,3
ysb,1
nsk,46
skr,6
dwy,3
ewy,7
amj,2
mja,1
rih,7
ghy,4
rnb,14
nbl,9
chp,6
fhe,5
omg,2
rze,7
wsi,5
pev,2
gyb,3
luz,5
wsk,22
ekk,13
?oj,4
kaf,4
afk,2
fka,2
lll,5
zim,12
mua,4
ocs,3
jej,3
ggh,8
ueh,5
mlo,3
byi,5
xii,3
onp,2
ntf,5
oyz,3
yz!,3
yow,5
jut,8
olw,6
lwo,16
uht,1
uav,7
iok,7
uev,6
ceh,5
ezy,8
wwh,5
dej,7
ifh,1
pae,11
?pb,7
pbs,1
kib,12
bbu,7
haa,30
tyo,17
lcr,9
kbr,3
evu,3
vue,3
?vh,4
vhs,1
hso,6
rnl,7
llj,2
ljo,2
ruk,19
atg,3
tgi,2
chh,12
hhi,5
xiu,4
aab,4
tyh,2
avr,15
gsy,3
psk,5
wlo,2
eeh,14
hny,2
ypu,2
kiy,14
iyo,24
aas,8
vaj,6
scy,3
nss,12
odh,22
rsv,3
svp,2
nkm,9
rsw,4
liw,2
iwe,5
?lj,7
lju,6
rvy,6
irz,3
frm,1
zun,3
ih!,8
gug,3
epb,3
pbu,3
eia,13
dyb,9
iml,17
?ij,2
isv,2
svi,13
eee,9
tzi,13
ryk,5
smy,3
gr!,3
?mn,4
mnh,1
eko,24
otw,7
wsy,1
wmi,1
urq,6
uoi,7
unz,9
elw,10
cnu,2
sik,16
roq,10
ltw,3
piv,5
rfb,2
fbo,3
gpo,3
ipb,5
jot,7
tcr,6
qis,1
atd,3
cys,4
ipz,1
pzi,2
pfe,7
pym,1
yui,5
myd,1
hsc,5
tln,4
lng,11
myl,10
wop,3
wss,3
aiy,18
zit,7
hcl,4
uay,11
koc,10
wdi,4
fiz,12
hph,2
ugn,6
psa,11
myc,5
ycr,3
ikl,4
dbu,15
goy,9
rnu,7
nko,39
yad,8
ibn,4
bn!,2
fse,1
gpa,2
zir,7
ohm,6
goh,3
tiu,14
tfl,4
atp,5
tpa,11
?rp,5
rpg,2
pg!,2
haq,4
dyu,1
caj,6
guz,7
uzm,3
oj!,4
lyt,22
nvu,6
rlp,2
iey,1
gaf,6
tsw,9
?uz,5
pyh,2
haj,9
rdt,11
iak,14
?oe,11
uuk,4
?sg,5
sgt,1
beo,4
owu,2
wul,6
alj,3
lje,2
ocy,2
oav,4
umr,3
mro,11
ntn,3
srj,1
ueg,6
rhk,1
eoe,3
zou,5
bix,4
ixb,1
xby,2
ubx,1
bxp,1
mcp,3
cph,3
jiz,2
suo,11
whu,8
ffu,9
llg,2
buk,18
okc,2
kca,3
ebc,4
bca,8
?lb,3
ioe,3
abw,2
zev,2
zey,3
rrs,4
irq,1
cek,11
icz,3
cz!,5
lsy,3
lza,7
chk,10
hki,10
?rw,2
kyr,9
?iw,15
opw,1
umv,6
mve,4
drc,1
maq,1
igt,7
gta,6
?rt,4
kga,3
fta,10
udm,7
oix,5
sl!,5
mbd,1
bda,2
emc,2
mce,6
sb!,7
gmo,9
rgg,4
hb!,3
zag,10
?pp,5
otm,5
tiw,2
hdu,2
adz,4
zem,9
omc,3
pcp,1
nxe,2
cgo,5
ayp,7
otd,2
xma,7
geu,5
eaq,2
ynx,2
?hd,2
ahs,8
sok,9
ipr,10
oua,8
mij,4
gky,1
nkw,5
mbp,3
bpr,4
tsp,4
fii,13
iir,4
iqb,1
qba,1
ouk,9
tyb,2
msb,3
nuh,3
stf,20
aoy,8
woz,2
ozn,3
zni,3
owg,6
wgl,1
ajj,5
jji,2
byz,4
yza,5
xet,1
zos,6
uhu,4
byu,6
rss,7
rnf,12
ntt,4
gsw,6
sw!,3
lff,1
jof,2
wyl,4
eht,2
aal,21
dsw,8
abj,3
viz,4
naf,12
iaw,2
odp,7
dpe,2
wse,8
weh,4
hrm,3
yfl,4
epn,4
huy,4
buh,2
gyl,4
jop,2
ovn,10
vna,18
huz,1
zah,9
jik,7
ecd,5
ovs,10
vsk,13
?kc,2
kc!,1
rxi,3
tl!,16
rkw,5
ngz,8
gzh,4
?ym,2
ymc,2
umf,5
mfe,1
wgi,4
aez,1
cyt,3
elz,5
?fs,4
fsb,2
psm,1
?jc,2
jc!,1
?hs,14
hsi,15
klt,1
ltt,2
oao,1
?ue,8
pdo,5
ftn,2
naa,13
?pk,2
pk!,3
kub,13
tw!,3
kms,1
evr,10
dpi,8
qur,4
xun,1
amr,16
mts,1
cb!,2
?rr,8
cty,3
tgr,5
psc,4
fey,6
?mv,4
mvp,1
gyr,9
aem,18
ozu,3
fub,2
foz,1
pem,9
?vw,1
vw!,1
byt,9
bde,3
evd,3
vda,3
spn,1
pn!,1
zoi,8
?cf,4
cfo,1
hwo,15
mpp,2
gye,7
?kf,2
kfc,1
fc!,5
gya,9
ogm,6
byc,4
mbn,4
waa,5
kwi,9
oyr,4
imf,2
mf!,3
shk,17
oea,2
ijo,10
huo,4
kuo,7
rdf,1
wdl,3
aet,18
hsu,1
ayu,24
?zb,3
zbz,1
bz!,2
pl!,6
yis,9
rrg,4
ysp,2
ovu,4
ahd,2
hdi,4
gwi,10
iav,3
?dl,2
dl!,9
adt,5
oex,4
uim,5
mby,7
ddb,2
dij,5
wnm,2
nmo,12
boe,11
oei,9
kaw,52
?kt,2
kt!,3
amc,9
mco,3
?nz,2
nzt,1
zt!,4
wme,7
okw,3
llt,6
ixu,1
kod,14
uyl,1
gfe,3
ttm,3
pyg,4
ygm,5
gmy,1
azl,6
iiv,2
ahy,5
htb,4
skt,1
wla,13
pah,8
cde,5
tek,18
olh,2
dje,4
cl!,4
ttg,2
diy,6
oxx,4
xxy,2
wbr,8
?ua,3
eui,5
ml!,3
rlb,3
lbl,5
adk,2
?rc,4
eyf,3
wem,1
unq,8
uon,7
mek,13
erz,13
?nk,2
kwu,2
dsk,5
lox,7
eln,7
nkh,8
?vv,8
vve,3
gsr,1
dik,15
ofb,4
fbe,3
iy!,8
bbq,1
bq!,2
gwy,4
udn,4
rpy,3
oyh,1
agt,2
jid,6
xco,5
qia,5
rnp,1
npi,4
mcv,4
cve,1
xiv,2
egw,3
gwo,12
ffh,2
fha,2
bem,5
cym,2
rtp,2
tph,6
lss,6
yoi,9
yoz,2
ozh,4
wmo,2
vri,10
esw,10
?wl,5
ukt,1
ktu,1
?zw,2
zwe,3
acm,5
cmi,3
rcs,6
ogw,4
rzy,3
zam,22
mcf,5
cfa,5
kyn,6
nuy,3
ecn,1
zus,5
uib,5
rgs,5
duq,3
kn!,1
sss,9
amz,5
mz!,4
tsc,12
rzi,5
?bw,3
rpm,3
ivf,1
vf!,1
bij,4
jau,9
rmw,2
nzh,4
ksd,1
rdh,14
?fj,2
fjo,4
ogb,3
gbo,11
pfc,1
?dk,2
dk!,1
gud,8
ddu,6
mza,2
rnh,9
noh,8
afy,2
mno,5
ajn,2
jnu,1
wnp,4
?xx,4
xxx,4
lze,6
gtz,2
ibw,1
bwo,4
djs,1
js!,6
wfa,2
kuk,9
mya,7
kua,7
ulh,4
zad,7
ulv,11
?ff,5
ecz,1
jaa,7
mpm,3
ovv,4
vv!,3
edp,4
urz,3
rzo,5
kav,9
ohr,5
iut,4
guk,2
ovt,1
vt!,3
yoy,3
fob,2
idb,4
rlu,4
tlu,2
oxh,2
xho,5
aef,3
apc,4
pch,5
oxv,1
xvi,3
dhr,4
bux,3
uxt,4
obc,2
?nv,1
fsi,4
lae,13
?fc,3
lkw,5
?gd,6
gd!,1
upk,4
nph,1
aiz,10
idr,7
dvr,1
vr!,4
okr,2
uia,7
quh,2
ouz,4
mih,12
fcc,1
ghk,1
hke,5
bto,3
zaf,4
biq,2
bja,2
nq!,2
lzb,1
zbu,1
atv,6
eyk,2
ykj,1
irj,5
igz,2
gza,3
ajv,2
jve,1
msm,3
aeb,6
fba,4
fuk,15
?xv,3
wud,1
hii,15
ekw,1
ewu,2
wup,3
mub,1
ruj,5
tyx,1
yx!,6
lsp,8
gdr,2
ktr,5
tyw,2
awc,2
wce,1
eey,7
nsb,16
iur,6
pua,5
oyn,8
wna,1
iom,22
dpr,6
pms,2
?jk,1
jk!,1
hiq,1
kss,1
rpt,4
ptm,1
xhu,4
wsm,3
wsw,3
azd,1
zda,1
saz,4
yga,8
uxh,2
npe,6
emh,5
mhi,3
?lz,2
lz!,6
avu,5
vus,4
dfe,4
okf,2
oaz,1
kog,7
mpg,3
etd,1
muk,17
ukh,13
?pg,3
cln,1
lnt,6
syg,2
lmy,4
wsf,1
sfl,1
tge,4
ej!,14
jiu,1
pba,3
caa,3
biu,5
ufc,1
?kk,4
kk!,4
oum,10
?tp,2
tp!,3
eyd,10
mll,1
wfi,4
psq,1
wwo,1
nbi,11
osv,3
sva,8
coj,1
iky,7
ayz,2
noj,1
msf,2
ooy,6
zzk,1
zki,2
tzr,1
zro,1
kue,3
avl,11
vlo,9
dgl,2
erx,2
rxe,1
nyv,2
yva,2
?vy,5
vyi,3
cba,1
pbh,1
bht,1
rnd,11
ayk,4
yko,7
gba,8
yut,8
?jy,3
jyo,2
aev,6
omt,7
mte,5
drt,4
mox,7
kuy,5
ivv,10
ldt,4
siy,1
?ks,2
yuh,4
rh!,7
ekd,4
kda,12
isw,5
yp!,3
lfb,4
fbl,2
mh!,6
fok,1
yim,2
huk,11
ukl,2
oxl,4
usm,3
?hj,2
hja,1
wej,1
ptr,5
dcr,4
hbl,3
gof,7
ohy,4
paa,6
msh,11
uos,4
laj,7
?zl,4
drz,1
zej,1
tds,1
aiq,2
cev,6
yov,6
yeg,4
auv,12
?tm,5
tmz,1
ivr,4
?cg,3
cg!,3
eyc,7
cme,3
utj,3
tjo,8
hoj,2
ysa,8
lfm,2
?zz,3
tlc,1
lc!,7
lyc,23
ydo,12
bdi,7
?xm,1
thv,3
zuy,2
sdu,2
rdp,2
dpl,3
slp,1
wlc,1
lcz,2
zyb,1
akk,17
irh,5
guf,5
amh,4
xta,7
ntz,22
cpd,4
cfl,1
igw,4
yiu,1
fiq,3
zib,3
dcp,1
hka,14
tfc,1
?gg,2
lyu,5
yub,3
npy,1
coq,4
oq!,2
aie,8
lii,4
pht,3
lsw,1
azp,1
yev,15
?kd,1
kd!,1
ekn,3
puj,2
yae,5
wug,1
btu,1
wot,5
yaz,10
itk,7
yci,4
azh,3
vra,10
?gc,7
gcs,3
ezb,1
zbo,2
ioh,3
?zs,3
zsa,1
ddd,3
wii,4
eie,4
tvi,6
ccr,16
kak,24
?tk,2
tk!,2
shp,5
?gq,1
gq!,1
esf,3
aif,8
ccs,1
zog,4
mdm,1
buj,3
ujj,2
yvi,4
rwr,6
htz,1
?ix,4
sgc,1
gc!,2
vyo,1
qas,1
dnr,1
khm,2
qa!,2
xyc,2
paq,6
pf!,6
lna,6
?iu,4
cpa,1
oim,4
itv,5
kut,24
hhu,1
nok,12
wnb,3
ueo,1
rdx,1
dx!,1
ezh,7
zhn,1
svr,1
ruh,8
vuk,2
?dg,3
dg!,2
ffn,7
msg,2
sg!,3
mva,1
ofm,5
fmy,1
oag,9
blt,1
edc,8
?lv,9
lv!,3
?bt,5
yms,5
rsm,5
vui,1
idh,4
?db,2
db!,1
nby,10
mbb,3
jiw,2
ysu,4
?mk,4
mk!,1
toh,4
lcy,3
biv,6
twh,4
lno,4
mof,9
?np,3
rkd,1
rnc,3
uhn,4
kiz,3
gep,5
urw,8
yuz,7
uxo,2
sdl,1
zs!,1
?yr,2
ssk,8
?kj,7
amf,5
anm,10
zaw,16
ahp,1
hpu,3
ksl,6
oyb,2
kui,3
lkb,2
dm!,3
lmn,1
gek,6
kko,8
xub,2
fom,6
uvs,1
zeq,1
brr,3
hrs,1
fwi,3
gip,5
toj,7
kif,4
myo,12
tzy,9
okm,11
tdi,1
ioi,3
hfi,4
jep,2
ndj,4
kuc,5
ekt,5
etm,6
?ih,9
?sz,8
sze,6
tyk,3
zaz,5
kwh,1
ozx,1
zxp,1
xph,1
uap,1
?rn,5
rje,10
asj,2
esg,4
ocp,1
?lh,6
cpu,1
afu,7
cf!,1
yic,1
ssc,8
giy,2
miw,2
khy,1
ttf,2
tfr,3
beu,2
aec,5
xxo,2
ycu,3
hc!,3
dgw,4
sq!,2
hej,11
piq,4
?lg,3
lgb,2
gbt,2
toz,5
nhy,2
oef,3
jii,2
ruo,6
aew,4
xey,2
ttw,2
pif,4
dhd,2
xue,1
leq,1
hls,2
ggu,5
uzb,2
zbe,5
azc,1
zca,3
oxc,3
kec,6
onh,13
itb,13
rdv,1
nyg,2
bsk,3
?ys,3
pjs,1
eiy,2
wr!,3
stg,3
asw,10
yrr,3
kr!,2
umd,7
ivs,1
?ww,6
wwe,2
aee,2
yng,5
isz,2
szt,4
idf,3
pyl,6
dgr,4
orj,6
kkk,1
iez,4
hoh,7
bih,2
lwe,9
kwr,1
tzk,4
zkr,1
tye,4
idm,5
diq,3
owp,6
xyt,1
uml,3
iic,9
tms,1
rkt,2
ajp,2
jpu,1
uvn,1
vno,1
nux,1
lfy,3
pfo,2
evg,4
vge,3
gii,1
ctn,2
avs,5
psw,2
ynl,2
apj,2
pja,3
mre,6
ldp,2
exf,5
xfi,3
?sb,4
sbk,1
bk!,2
dz!,2
usz,3
sz!,6
lyb,8
fnu,3
bf!,1
nuj,2
uj!,3
uhi,12
iud,3
mry,3
twu,1
wur,5
tsv,1
vep,2
ulw,3
lwr,2
llc,8
sya,7
ufr,2
?yg,2
ygg,2
ggd,1
hsh,6
zid,4
esz,3
szk,1
zka,4
tej,3
lkt,2
kl!,3
muj,6
gnp,2
ieh,7
yoh,8
bhu,8
wum,1
tby,2
dfl,3
aap,3
opd,1
gsp,3
ytt,1
fst,6
vek,2
oyu,10
myj,2
yjo,2
ecg,1
kek,4
nhl,1
cvi,3
kop,11
?pv,3
pvc,2
osf,2
jat,7
huj,4
epc,4
kgu,2
agw,5
zky,1
ndv,1
wuk,1
uei,6
emf,1
avc,1
vco,1
suw,2
huv,1
cuj,1
ujo,7
skw,2
gaa,12
yek,3
mji,1
ulz,3
guj,3
myg,1
ygd,1
aen,14
lsb,7
mha,12
ruy,5
css,1
oyk,4
?qb,1
qb!,1
edv,3
yop,5
rmb,6
?gb,3
gbs,1
?lk,3
yku,3
omh,2
hrt,3
xym,1
rz!,5
saj,3
ilj,6
lji,3
auh,2
xos,3
ogf,4
wix,3
cns,2
wru,2
cvs,1
hyc,2
rkc,1
kch,2
mbf,1
bfo,2
iei,4
vaz,2
bnu,1
ghh,12
waz,7
dcf,1
cfs,1
xv!,1
ddt,1
hrl,1
iib,1
pof,2
pyd,1
aad,11
ilp,6
avn,6
vn!,4
lj!,1
yef,1
rmn,1
aox,2
xar,3
nii,8
heg,8
wut,1
gl!,2
jiy,4
umh,1
mhu,1
?cw,1
cw!,1
utk,3
wnd,2
?uu,3
uuh,3
akw,2
ntp,3
wwi,2
ofr,5
sux,1
tva,5
rvs,2
umt,2
mta,4
taz,8
kht,4
uzo,13
kuv,1
byf,2
?wc,1
wc!,1
jue,2
snp,1
np!,3
auj,4
mib,4
caz,3
yai,4
?kp,2
kp!,1
hde,1
bcu,3
piy,2
zoh,3
rft,2
azr,2
nyc,1
yc!,1
luh,3
cyg,1
ygn,1
?dp,4
dp!,2
ksb,3
hiw,4
loj,2
pyw,2
afn,5
kax,3
?fx,1
fx!,1
tzo,2
plc,2
lck,2
ptw,1
lg!,2
juh,7
?rl,1
vni,2
uzc,2
zco,4
vay,5
uzh,3
cmu,7
yit,3
tzh,4
ttv,1
woc,3
hsa,6
lsu,4
tix,3
zhd,1
dsy,2
?yh,3
vov,4
oiz,1
skj,3
?lc,5
lcd,1
otf,4
yud,6
uyg,2
yoc,1
twy,2
uxa,1
htd,1
tdr,2
nhw,1
woj,3
ojt,3
jte,1
nku,12
ldv,1
tny,1
gcp,1
?cq,1
cq!,4
lvp,1
vpd,1
ccy,1
cyx,1
lzo,5
lhc,1
dbs,1
aua,2
hoz,2
?ui,3
exs,2
xsa,2
bmo,1
pcs,1
jip,1
ebv,1
bvr,1
dyo,4
joz,4
zef,4
fop,1
?iy,4
naj,8
uok,4
aey,3
jis,5
bl!,2
cez,1
ksy,2
frs,2
ofl,8
rwy,1
lfs,9
egb,2
gbe,3
mct,3
gse,4
koy,9
gbl,1
pln,1
anr,9
?wm,4
wmd,2
kiv,8
ibc,1
lgy,1
rfm,1
btw,1
ofj,9
fju,5
imt,2
bmx,1
mx!,4
elj,2
lja,7
nyx,2
eyj,3
yju,1
lwy,3
bcl,1
jjo,2
ghf,3
hfa,4
whr,1
jtp,1
ugm,5
okt,4
?zp,1
zpm,1
mtr,4
?wp,2
wpc,1
vyv,1
yvy,1
feh,2
gsk,1
wsb,2
xab,2
loz,4
koz,12
gbr,1
sfp,1
fpd,1
yuw,1
uwe,6
?qt,1
qt!,1
vyn,3
ahw,2
afs,7
rsn,5
?xl,1
ixy,1
wog,6
bbr,4
xud,3
emr,4
bex,3
ofw,3
fwh,1
iyy,3
sbr,6
dmz,1
gdp,1
esv,3
suu,5
wng,2
?px,1
px!,1
wpl,1
sza,3
ngj,8
gju,3
bju,6
zmi,4
ehd,1
ufi,5
igp,1
gpe,2
goc,2
imh,5
usd,3
dno,3
dyc,5
oai,2
uef,7
stv,2
mmp,2
rtt,6
iye,4
sye,1
?vx,1
vx!,1
dcs,1
etj,2
tje,4
aih,2
bhe,4
ufk,1
fki,2
huw,1
uw!,2
cpt,1
rgd,1
daa,5
tji,1
riw,4
tyn,10
mfl,2
qat,1
oxn,1
xna,2
wof,3
tuy,2
uyv,2
hsf,1
gny,6
aon,3
hsm,2
zuh,5
mcr,5
hpo,4
acf,1
myw,2
?tg,2
tgs,1
yha,5
bof,5
gbu,2
dyw,2
ksp,2
iau,1
apf,1
?gk,1
gk!,1
aij,10
rpn,1
kuj,3
aow,5
eoh,2
ohw,2
zov,4
ehu,7
zay,4
rwu,1
ivk,3
vka,2
ewg,1
wga,1
ikm,2
kij,3
tih,5
fsa,2
?td,1
rkk,3
?hh,4
kig,5
wyx,1
yxc,1
kpe,2
?xy,3
xyl,1
ghr,1
aib,11
rcm,1
cmp,2
skm,1
ekm,1
ffw,2
fwo,2
keh,7
vox,1
iep,5
cva,1
bdr,1
etk,3
tkn,1
yil,1
yuy,1
rii,7
vax,3
bch,2
ijj,1
jju,2
ijs,2
ynm,1
aak,8
wnc,1
yez,2
zuz,4
eio,4
tka,12
zaj,1
frg,1
owk,3
wkn,1
skf,1
tza,8
jaj,1
ckk,4
kkn,4
ffp,1
fp!,3
xom,1
nnh,3
pgs,1
umq,2
mqu,2
aqq,2
qqa,2
qan,2
gak,13
zyn,2
yns,4
gch,5
chq,1
cyo,1
lni,9
wym,4
tzm,7
jni,1
?jw,1
jw!,1
mdi,2
ovg,1
vgo,1
?wt,5
eji,12
uom,4
?js,3
lnd,6
dls,1
lnc,3
kez,1
ezo,5
ztn,1
hpv,1
pv!,2
niy,6
tzw,2
zwi,1
naq,3
aqa,2
qah,1
msk,3
nsd,7
mln,1
jio,3
emk,2
mki,5
?yn,2
ngv,3
gve,2
?jh,5
jha,4
cyd,3
evp,1
bd!,4
omk,6
mkv,2
kvi,3
gsu,3
?rg,2
iej,6
meu,6
kgs,1
mmk,2
mko,1
opf,3
iee,4
liy,12
mbw,2
ohu,3
fme,2
cyi,2
dpp,1
esr,3
kfr,1
?rf,3
aeu,3
uol,2
olr,2
hlb,1
gdu,1
wgs,1
iaf,2
bsl,2
ecm,3
cmo,2
bce,1
iyi,3
cn!,2
zyi,2
tuk,6
guh,1
mvi,2
rir,7
?jv,1
jv!,1
tpe,6
?nl,1
nlf,1
thx,1
hx!,1
lyh,3
bsa,3
caq,2
rkb,6
wbu,2
rff,3
aea,5
nhv,1
eib,11
bni,2
ozl,3
ezk,1
blr,1
lr!,5
hds,1
lzn,1
xoa,1
zei,8
mnu,2
lsl,1
mhe,2
fb!,1
mfi,1
mpd,1
vne,1
hfr,1
gox,1
zav,2
evk,1
vko,4
snc,1
uaa,3
euf,4
itg,1
vyx,1
yxs,1
xsi,2
asd,5
daq,2
?hg,2
hg!,1
mpn,1
lbj,1
bua,1
wm!,1
eua,1
jux,1
?bk,1
phw,1
iix,1
oou,2
ifk,1
aat,7
?wn,2
kih,8
zob,1
aaf,2
wkg,1
kgi,1
juu,2
uub,3
aoe,1
evn,9
euh,1
dux,3
lwh,1
ioz,2
xig,3
ntc,4
tko,4
nkv,1
kvd,1
dnc,1
tsq,1
yig,2
?fp,2
fps,1
mcs,3
pwi,4
yec,2
eex,3
waj,6
?fn,5
fn!,2
umw,2
hse,5
?vt,2
thg,2
hga,4
uhw,1
ffb,2
aav,3
ygl,2
msp,3
fik,4
bej,5
zub,5
fja,1
kny,1
htj,2
oxo,4
euz,2
iig,2
usg,3
?rk,2
usq,3
iiu,1
faj,2
oxs,1
xsw,1
vum,1
ajr,5
jri,1
nkb,2
mbh,3
rq!,2
lhu,3
dmt,1
ugr,3
snl,1
nl!,2
izh,1
zh!,3
tss,2
lvy,4
tzl,2
veu,3
wda,2
wte,3
zeh,2
fso,3
wuj,1
hha,1
ntj,2
dss,1
eai,1
mgs,1
tku,1
?lr,5
ngq,1
gqi,1
axf,2
scp,1
gyo,4
wtw,1
rqa,2
woy,2
owz,3
wza,2
hyi,2
kv!,1
lmw,3
dgp,1
lzi,1
cgw,1
yny,3
nyr,2
cfd,1
fd!,2
dhp,2
pcr,1
?zy,7
zyg,4
tke,3
kky,1
dv!,1
uiq,1
utv,1
tvo,1
wsn,1
jey,1
eeq,1
okh,6
cbl,1
psb,2
btq,1
tq!,1
msn,2
snb,1
dgs,3
vva,3
bna,2
oik,5
kyf,3
cth,1
niw,2
ppm,2
cse,3
yji,2
wby,2
awp,2
wpi,3
csc,1
wsa,3
gnb,2
?uw,1
bpa,2
juz,1
vim,5
suj,6
blv,1
lvd,1
zmu,1
xox,1
aaj,2
puh,2
pkn,2
zut,4
xfa,1
mto,4
qun,1
wys,1
oeh,6
?vf,1
vfw,1
fw!,1
msl,4
oib,2
rvu,3
uhf,1
hf!,3
ziy,3
jeu,4
cda,2
jra,5
mgo,1
pci,2
hyy,1
yyo,4
obg,2
bgo,2
spf,1
tuz,3
byv,1
uio,1
ltl,3
blj,1
ytr,2
ccf,1
cff,1
nsn,3
taq,3
wtf,1
vle,3
uek,2
avm,1
vm!,2
?bg,1
bg!,2
gdi,2
kph,1
taa,5
abg,2
lra,10
quy,2
wpa,2
iis,9
ij!,2
rji,4
crs,1
kfl,2
rlm,3
?nn,2
udv,2
nzu,3
ltp,2
agb,1
gax,1
umg,1
mga,1
fdn,1
dny,1
lpy,1
jaq,4
imd,2
mda,6
?mz,1
?yp,2
brn,1
upj,1
pjo,1
byd,2
ixn,1
aix,3
lcm,1
vys,1
ryf,1
yff,1
uod,3
efk,1
fko,1
mgr,2
bcs,1
zsi,2
zla,3
pys,1
wyc,4
yck,6
ouh,4
mjo,1
?bd,2
avd,2
imk,3
mka,5
nwy,3
ekr,3
zny,1
dmc,1
sls,1
wuo,1
goj,3
oiw,2
jso,1
uox,1
aop,1
ebh,2
oec,1
wae,1
rmr,1
ooa,3
pej,1
uif,2
dgk,2
gki,3
cbg,1
bgb,1
gva,1
voe,1
jpl,1
cdr,3
pls,1
hlu,3
vtr,1
brb,1
njh,1
aio,12
?hc,2
hcg,1
ogc,1
gca,1
wia,1
ehl,3
biw,1
udb,4
msc,2
iie,4
tsn,1
wta,1
psp,1
bep,2
gtr,2
?xs,2
xs!,2
lfh,2
pye,2
ugt,1
nkg,1
kgo,2
cih,1
oxb,3
xbu,2
jix,1
?dt,3
?jm,2
jmo,1
yaj,7
gaj,5
uhl,3
aeh,2
ngg,5
kw!,1
ecb,1
ehg,2
acz,2
czm,1
mej,6
ouw,5
uyu,3
ttn,4
trt,1
kmo,4
zoz,1
ysd,1
otz,4
fuf,1
nbs,2
ijl,1
jli,1
yly,4
vye,1
kym,2
aqo,1
qob,1
tmu,3
skl,2
rgn,1
fot,4
ymu,2
opg,2
pga,4
poq,1
ubz,1
bze,1
rrt,1
uje,2
bms,2
kjo,1
mnd,1
wll,3
spc,3
lpu,2
zik,8
ehs,1
yoj,5
psd,1
myh,1
bsb,1
trp,1
poz,2
zna,3
ruq,1
uq!,1
df!,7
gik,1
myn,3
ehz,1
hze,1
dsb,3
tbd,1
gw!,1
iyn,1
tym,2
efd,1
fdo,2
pdi,1
nij,3
avk,3
pyk,2
shd,5
eiw,2
ckv,1
ooq,1
pbj,1
kyb,2
?ws,3
ijf,1
jff,1
dts,3
yk!,2
ebd,1
kmi,3
swr,1
zow,2
zri,2
gwu,1
wuv,1
tzt,1
kuu,2
yoa,1
eq!,2
uec,1
gyi,2
fsu,2
epz,1
ajk,3
jka,1
clv,1
wao,1
sjo,1
itp,2
tpi,3
pui,2
mws,1
sf!,3
?hl,3
?jg,1
jg!,1
jij,1
rzl,1
zl!,2
pds,1
kts,1
dta,2
?ux,1
uxb,2
xbr,2
ckc,3
kcl,1
uwo,1
lmd,1
hhm,1
yiq,1
iqi,2
pdf,1
crn,3
aob,4
vhf,1
qul,1
zez,2
ypp,1
nqs,1
qs!,3
wtc,1
ozc,1
fln,1
vcs,2
gij,1
tyu,1
ocq,3
?bn,4
bnd,1
ovl,1
jow,2
ihr,1
icp,1
dwp,1
wp!,2
szu,2
mmr,1
gmc,1
olz,6
vki,2
gls,1
jku,1
yav,1
vuz,1
yia,4
oif,2
jvi,1
?bz,3
hox,2
amg,3
nmu,1
szo,1
cbu,1
nyq,1
yqu,1
oep,3
dcd,1
fna,3
uyr,1
pcl,1
agf,2
oew,1
slr,1
ipk,4
cpc,1
wts,1
azq,2
zqu,2
ioj,1
dzo,1
dpd,2
ctb,1
?rx,1
wdn,2
gfa,2
wuh,2
fho,1
sws,1
yuv,4
bpd,2
otk,3
lgu,3
gub,3
ukm,2
cpb,1
okp,1
?qr,2
qr!,1
izn,1
zno,1
?zd,4
zde,2
sgh,1
cmr,1
hwr,1
lhr,2
okj,2
wih,1
llk,2
nw!,3
krz,2
zys,1
ysz,3
zto,1
mss,1
iae,5
bhs,1
syf,2
yfo,5
?xp,1
xp!,2
fef,4
uuz,2
uzn,1
zne,1
uut,2
drd,2
uem,5
?wb,2
wb!,2
yby,1
fdl,1
uur,5
ynh,1
wmu,1
oht,2
mdp,1
?nj,1
nj!,3
fye,2
?uy,1
awz,1
wz!,1
tyg,4
soz,4
jpa,1
mke,4
ukd,2
oxg,1
xgl,1
jm!,1
hln,1
lnk,1
kej,1
faf,1
iuc,1
lsm,1
rfd,1
ftu,1
rnr,1
qig,1
pii,1
xip,1
dih,1
iun,2
icb,2
cbm,2
ptf,1
gcm,1
cms,2
?xt,3
ruu,6
wcr,1
hgh,1
?nw,3
ctx,1
tx!,1
jja,2
zgi,1
ajm,2
jma,1
ogp,2
ndq,3
zug,2
xyz,2
kiu,1
?qv,1
qvc,1
hj!,1
igd,1
goz,3
emz,1
mzi,2
apg,2
?xh,1
gih,1
ijn,5
jn!,5
sbs,1
tzb,1
pbb,1
bbt,1
eoj,1
vll,2
fyn,1
?sj,3
sj!,1
nnn,1
ltb,1
ghm,2
pnc,1
ckx,1
kx!,1
byw,2
tvr,1
yob,6
yds,1
ncc,1
usr,2
zot,2
emd,1
sej,1
vcd,1
hix,2
giw,1
qil,1
lgl,1
qum,2
rbj,1
bji,2
stt,1
quu,1
uus,2
opn,1
muu,2
mny,1
aoc,1
axx,2
nrl,1
fuy,1
eyy,2
yyy,1
yy!,3
upm,2
yaf,1
odv,1
yrg,2
gyz,2
yzt,1
zta,1
?pw,3
pwn,1
vry,1
cmc,1
sja,2
cii,2
thj,1
hji,2
kmt,1
gll,1
oaa,2
uhe,4
zeg,1
?vj,1
vj!,1
yhi,4
kci,1
ezc,1
lyk,1
ccp,2
eay,1
uih,2
ayv,2
cax,1
xap,1
tci,1
obk,1
bki,1
zyk,1
ykl,1
vav,1
pib,1
izy,1
?zn,2
azk,1
kuf,1
gej,1
fya,1
ije,1
rdd,1
oee,1
sdf,1
ryx,2
shs,3
aae,2
wze,1
iht,1
nb!,2
azb,1
vdr,1
?qm,1
qm!,1
tii,1
gzi,2
jeg,3
wod,1
ghg,1
iim,1
ukn,2
aod,1
ysw,2
epk,1
elq,2
lqu,3
mdo,2
rxo,1
gsd,1
lfj,1
fje,3
?lw,3
izb,2
zb!,1
ksk,1
hdt,1
dtv,1
nuz,2
?hv,1
hva,1
rhd,2
vev,2
wkm,1
ynb,1
iui,1
nxs,1
guu,1
?yl,1
ynu,2
brh,1
drg,1
wky,1
xix,1
uhp,1
opb,1
ffj,1
ncm,1
daj,1
xwo,3
idz,1
muq,1
uqt,1
qta,1
?qh,1
qh!,1
sbj,1
ohd,1
?mx,2
mxy,1
yzp,1
zpt,1
tlk,1
eih,3
gpr,2
cuk,1
ghq,1
wty,1
ixm,1
ipf,2
ryh,3
mrm,1
sv!,1
ajs,1
jsa,2
jom,6
zao,2
feo,2
nej,4
eyu,1
whl,2
hlm,2
rln,3
pkk,1
kyi,1
csf,1
osr,1
hw!,1
dyt,3
pyu,2
wec,2
kj!,1
mbc,2
syw,1
aay,5
jf!,1
gsg,1
nhh,1
idc,2
?bv,1
bv!,1
kcu,1
sns,1
mbt,2
mds,2
pw!,1
uky,1
bzz,2
bds,1
nkc,1
mrn,1
aei,1
ylt,1
iux,1
zby,1
kuh,1
scm,1
ppk,1
zzz,2
?uj,2
?bq,1
uho,2
wrs,1
pgo,1
rdj,1
cls,2
edk,2
cpo,1
zyz,1
yzx,1
zx!,2
tbl,2
ogv,1
gvi,2
chg,3
hgo,3
byo,1
ylc,2
?yw,1
ywc,1
zzf,1
zfe,1
?kb,2
kbs,1
kb!,1
aao,1
dty,1
rbn,1
bnb,1
ebp,1
ngc,4
ubf,1
ftr,2
iax,1
tll,2
eku,4
ipc,3
kfe,1
uiu,1
dmh,1
sds,1
iij,1
png,1
csh,1
irx,1
hci,1
huu,2
ysv,1
ltk,1
kco,1
xao,1
tbs,1
ojc,1
jci,1
qaz,1
yoe,2
nf!,2
jhi,1
iio,1
zif,2
tyv,1
tsf,2
tyt,1
ffv,1
fv!,1
kln,1
nyf,1
yfe,1
wwf,1
wf!,2
src,1
vaa,4
gts,2
vyd,1
tuh,2
ptt,1
poy,4
cnb,1
hve,1
juw,1
uxs,1
mfr,2
qaw,1
fsk,2
gpu,1
zwa,1
?lq,1
lq!,1
nuw,2
zoa,3
abz,1
bzo,1
kku,2
wsd,1
mrp,1
zzm,1
ygs,1
aof,2
fim,3
mlk,1
nyn,1
?fh,2
lnh,1
hsb,1
sbc,1
gji,3
iiz,1
voj,1
jta,1
uul,1
vaq,2
tuu,3
wgu,1
iid,2
vvh,3
vha,3
ozg,1
zgu,1
btk,1
pob,2
ceg,2
tky,1
whv,1
hv!,1
ccd,1
?hf,1
rzu,1
saq,1
qar,1
zzu,2
wdh,1
czy,1
srs,1
rlz,1
aoj,1
aej,2
lsc,2
ehn,6
ybb,1
zsu,1
uzs,1
jtr,1
jyu,1
hko,3
xif,3
wew,1
azg,1
izr,1
cfe,1
nrt,1
cbd,1
dps,1
yyi,1
cgt,1
jme,1
oow,1
ahc,2
nrc,1
?gj,1
gj!,1
yls,1
jpe,1
bfg,1
fg!,1
svo,1
vob,2
uud,1
kix,1
pgu,1
fnm,1
fmr,1
eyv,1
uzk,1
mgi,1
msw,2
fnd,1
uob,1
nlt,1
dnu,1
enx,1
ygv,1
iay,1
prc,1
iqs,1
eeu,1
euw,1
oek,1
?hn,1
idp,1
uzl,1
ihe,2
iof,2
oiv,1
ihn,2
miq,1
fiy,2
pcc,1
pyn,2
luq,1
ihy,1
yrl,1
knw,1
?mf,2
mfa,1
ovr,1
uov,1
ixx,1
xxi,2
bnp,1
duz,1
vss,1
puu,1
jei,1
fua,3
dii,1
oyg,1
bsm,1
usf,1
sfr,1
tmg,1
uvu,1
ezn,1
okg,1
?qs,1
zzc,1
gzo,1
sqw,1
qwe,1
ttc,1
jex,1
vgi,1
ngx,2
gxi,2
eao,1
fyd,1
ydd,1
qab,1
icq,1
ftc,1
ggb,1
mvc,1
mhh,1
oio,2
wno,1
ogt,1
brz,1
akg,1
kgw,1
?gf,1
gf!,1
evc,1
vch,1
?vb,1
vbu,1
ylm,2
ruw,1
ucj,1
cja,1
rnk,1
muo,1
nnt,1
shq,1
ksv,3
?yy,1
sbp,1
wyv,1
dkk,1
uvl,1
?zx,1
grl,1
ihh,1
hht,1
oez,1
zhk,1
udz,2
dzh,1
cno,2
?uo,1
cug,1
gdf,1
ufe,2
qus,1
ofp,1
fpe,2
axu,2
xum,1
ahb,2
qrf,1
ugd,2
izv,1
fuw,1
fep,1
oip,1
?nm,1
nm!,1
nnr,1
gsm,2
ziu,2
iuk,1
ryj,1
yry,1
svt,1
ynw,1
ryz,1
yzz,1
yld,2
pcb,2
bnc,1
ccc,1
lnv,1
gkr,1
rnz,1
mze,1
yaq,1
nln,2
oxm,1
nmy,2
zup,1
ukg,1
oij,1
sgs,1
qad,1
?tx,1
txe,1
iaa,2
pij,1
uik,5
eix,1
uhy,1
ldz,1
pdr,1
ozr,1
zru,1
ybd,1
vde,1
zic,3
zae,1
kyt,2
ubn,1
pyb,2
idj,1
idv,1
gsc,1
axs,2
xse,1
vhy,1
hyw,2
kby,2
ilz,1
nff,1
xol,3
dld,1
sji,1
vuc,1
?zr,1
wub,1
tck,1
myf,3
hlg,1
hhs,2
yty,1
oxw,1
wuc,1
stj,1
ezm,1
zme,1
ohj,1
?qk,1
qka,1
alq,1
tiy,1
?yz,1
yzm,1
ziq,1
pwo,1
vdo,1
abk,1
bka,1
cpl,1
afp,1
uuu,1
?tf,1
uoq,1
oqi,1
azn,1
vvn,1
uyb,1
poh,1
awx,1
wx!,1
afz,1
fza,1
tzc,1
ytu,1
lwu,1
uwi,2
?qe,1
qed,1
zdr,1
xew,1
hmx,1
wuz,1
wlf,1
?df,1
xst,1
vse,1
krs,1
dtf,1
hlr,1
lrr,1
rrl,1
bbb,1
yki,1
znn,1
wtu,1
amk,1
gja,2
fuu,1
obf,1
bfu,1
swh,1
ikn,3
ptn,1
sii,1
gss,1
svm,1
byh,1
jko,2
duy,1
sez,1
hnd,1
udj,2
xtc,1
crt,1
zdo,1
ufv,1
fvu,1
vud,1
ebm,2
bmd,1
ugw,1
ovz,1
vzh,1
iaq,1
hyk,1
yks,1
akm,1
vho,1
gdy,1
pft,1
rlh,1
vps,1
hmh,1
kde,1
?vg,1
vg!,1
drs,1
lku,1
vl!,1
ljk,1
cuy,2
lfp,1
udf,1
yif,1
gka,1
uyt,1
nnb,1
khw,1
dyf,2
?dz,1
nhc,1
ntx,1
txo,1
klm,1
olj,1
xly,1
fdi,1
nls,1
pge,1
exb,1
mgb,1
nzl,1
myy,1
ohb,1
kll,1
sij,2
gmt,1
fnl,1
aai,2
fiu,1
siw,1
iwy,1
uii,1
iiy,1
eob,1
tml,1
xso,1
cuv,1
wpk,1
gsf,1
ikw,1
juc,1
nrk,1
jhe,1
zok,2
abm,1
hge,1
luu,1
vut,2
rbw,1
bwi,1
wbl,1
ysg,1
kyh,1
fhr,1
ubk,1
bke,1
ihs,1
sry,1
ebw,1
jty,1
ovk,1
cbo,1
?ql,1
ql!,1
?qw,1
qwa,1
toq,1
kte,2
jic,1
yey,1
mmt,1
zya,1
dmx,1
bsy,1
xul,1
ohk,1
izs,1
zsl,1
bgr,1
pwd,1
ozk,1
zko,2
aoo,1
peq,1
dzu,1
ipj,1
byj,1
kju,1
dze,1
wyk,1
sih,1
ucz,1
ppd,1
bjs,1
yzs,1
zst,1
uae,1
iip,1
?qo,2
qo!,1
bpl,1
psn,1
rfk,1
lkk,1
ovb,1
vbo,1
dhv,1
qoh,1
fui,1
zke,1
csr,1
pfl,2
wlv,1
lvu,1
obd,1
ndz,1
djl,1
jl!,1
ekc,1
uoc,1
qut,1
nnv,1
cdh,1
akv,1
uej,1
lhn,1
qap,1
opj,1
pje,1
kmu,1
ewj,1
dtl,1
flp,1
izw,1
nlv,2
ssg,1
nnf,1
uyw,1
ltj,1
jcd,1
ugy,1
ykr,1
vny,1
qiy,1
xxl,1
ncz,1
rzs,1
zse,1
biy,1
wyt,1
asv,1
zoc,1
rrk,1
wwa,1
ziw,1
osz,1
ioy,1
asf,1
rtj,1
?yf,1
yft,1
eax,1
voz,1
iuz,1
rzk,1
